{"gridWidth":17,"gridHeight":14,"elevations":[2712,2687,2669,2659,2650,2641,2634,2632,2630,2627,2629,2639,2633,2621,2612,2614,2623,2725,2699,2684,2672,2664,2652,2649,2649,2647,2651,2653,2642,2623,2617,2622,2629,2633,2749,2736,2719,2700,2679,2669,2671,2673,2666,2661,2653,2635,2621,2625,2637,2642,2650,2800,2785,2752,2722,2695,2692,2694,2686,2674,2657,2644,2633,2636,2650,2656,2655,2667,2814,2804,2782,2746,2718,2706,2690,2675,2666,2652,2645,2646,2656,2674,2675,2674,2686,2774,2776,2767,2747,2717,2696,2684,2679,2674,2664,2662,2670,2684,2696,2695,2695,2712,2744,2736,2730,2716,2708,2705,2698,2693,2689,2685,2686,2694,2704,2715,2717,2723,2743,2738,2735,2734,2732,2735,2733,2728,2718,2717,2717,2713,2718,2729,2733,2738,2752,2782,2752,2756,2759,2758,2757,2753,2741,2733,2733,2735,2734,2743,2754,2759,2765,2788,2818,2778,2780,2780,2781,2776,2771,2762,2753,2754,2759,2765,2774,2779,2782,2793,2819,2849,2810,2809,2804,2806,2795,2793,2782,2777,2785,2794,2806,2813,2813,2811,2824,2849,2878,2834,2831,2825,2828,2821,2812,2800,2808,2827,2844,2852,2856,2848,2843,2861,2884,2914,2854,2846,2851,2852,2843,2826,2821,2841,2875,2902,2910,2910,2885,2875,2896,2927,2956,2875,2879,2895,2881,2862,2848,2853,2878,2919,2958,2975,2960,2930,2919,2936,2970,2999],"minElevation":2612,"maxElevation":2999,"usedBounds":{"minLat":36.29481153500004,"maxLat":36.30645576500003,"minLng":-115.68729121923056,"maxLng":-115.67284288076931}}