{"gridWidth":25,"gridHeight":17,"elevations":[389,380,371,367,366,369,380,389,392,392,392,394,396,397,400,400,402,402,401,399,400,402,402,402,403,395,390,384,375,368,365,367,375,388,394,394,394,395,397,400,402,401,400,400,400,401,402,402,402,402,404,402,397,387,379,370,367,367,379,391,397,397,397,399,400,401,401,401,400,401,401,400,401,399,392,410,410,411,404,398,389,373,368,371,378,389,393,397,400,400,400,399,399,401,401,401,399,393,385,377,422,421,418,414,411,404,387,373,370,371,374,380,386,391,395,397,399,396,397,397,395,389,377,371,370,426,427,426,423,422,416,402,387,374,367,366,367,372,379,386,390,391,391,388,380,375,372,368,368,371,434,433,431,431,431,429,423,410,398,385,373,367,368,369,370,373,373,371,371,369,369,369,367,372,382,458,458,451,445,442,442,441,429,419,408,400,398,399,398,392,386,379,374,371,369,371,370,370,370,372,481,477,470,466,460,457,454,449,441,436,429,427,425,420,415,411,402,401,397,391,391,388,386,386,384,492,486,481,478,476,471,466,465,462,461,455,448,445,442,435,428,421,416,411,407,403,400,400,401,398,493,488,484,486,488,485,477,477,481,480,476,479,478,468,455,438,430,425,421,415,407,405,407,405,401,488,483,480,482,484,485,486,488,491,491,490,492,485,471,455,443,435,429,424,419,415,412,414,411,406,480,477,476,478,482,491,497,497,497,497,494,491,484,472,460,447,436,429,429,425,418,416,416,414,409,475,473,474,478,484,492,496,500,503,501,497,492,484,474,461,451,441,434,430,424,421,420,415,413,408,473,473,474,478,481,488,491,497,500,499,495,492,484,476,469,459,450,441,437,433,428,422,416,412,408,471,471,472,475,481,489,493,498,498,496,496,496,492,488,481,472,464,454,445,439,434,430,424,419,412,469,470,471,476,485,489,493,496,498,499,501,500,497,491,487,481,470,458,449,441,435,431,425,418,411],"minElevation":365,"maxElevation":503,"usedBounds":{"minLat":46.49598980219804,"maxLat":46.510264697802,"minLng":-90.01494935000001,"maxLng":-89.9942104500001}}