{"gridWidth":14,"gridHeight":10,"elevations":[354,355,356,357,355,354,353,351,349,344,341,342,343,348,377,382,383,381,378,375,368,365,360,356,350,347,342,340,401,404,402,402,400,394,385,386,382,372,364,354,343,340,429,428,426,425,422,412,401,401,397,389,382,368,354,345,456,462,457,452,445,430,421,415,412,404,391,379,371,356,486,501,499,487,471,454,448,448,440,425,408,395,386,369,512,525,527,516,495,483,466,464,460,446,429,412,402,387,536,544,543,534,517,495,470,458,452,444,433,424,407,389,550,555,550,540,521,493,467,449,441,431,427,419,402,385,554,546,540,525,510,486,455,438,431,419,410,404,392,381],"minElevation":340,"maxElevation":555,"usedBounds":{"minLat":42.410736009999994,"maxLat":42.41933759,"minLng":-73.2857148815586,"maxLng":-73.27406401844142}}