{"gridWidth":28,"gridHeight":19,"elevations":[374,374,374,374,378,380,379,381,382,382,381,381,379,379,378,378,380,380,380,382,383,384,385,386,387,386,381,372,370,372,374,375,377,379,378,379,378,380,381,382,382,380,378,378,381,382,381,381,383,383,384,386,386,385,387,386,368,370,371,372,371,371,373,375,374,375,376,377,377,377,377,378,379,380,381,381,382,383,385,387,386,384,386,387,369,371,371,370,369,370,370,370,370,372,373,375,375,375,375,377,378,378,380,382,381,383,385,384,384,383,384,384,370,372,372,371,370,370,369,369,369,369,369,370,370,370,371,371,372,373,374,375,375,378,379,379,379,377,377,378,372,372,374,374,374,374,373,372,371,370,370,370,371,372,370,369,371,371,370,370,371,371,371,371,371,371,370,370,376,375,376,379,377,376,378,378,376,373,374,374,374,373,374,374,373,373,373,372,372,372,372,372,373,372,371,371,383,383,381,382,381,380,381,383,384,381,380,379,381,386,388,387,387,388,388,390,389,387,387,383,384,382,381,384,391,392,393,392,391,390,391,394,398,395,391,394,403,413,414,410,411,413,409,407,405,404,403,400,398,393,387,386,403,405,404,402,405,404,402,407,410,407,410,419,428,433,432,428,430,435,433,428,419,417,417,413,409,404,396,389,413,416,419,416,417,418,418,421,423,423,436,449,453,450,453,456,462,459,449,438,429,426,423,420,417,410,400,392,429,432,435,436,435,436,433,427,434,449,464,480,481,469,466,471,482,476,457,442,435,429,424,422,420,411,402,394,440,446,449,448,443,443,441,446,457,467,479,489,486,477,468,474,479,469,453,446,442,434,428,424,419,408,405,398,457,458,460,458,454,453,454,467,477,480,488,494,491,478,468,471,472,464,452,447,442,436,429,424,415,411,408,403,461,462,465,466,467,467,468,477,479,479,486,491,484,474,468,472,468,460,453,447,439,434,431,426,419,414,410,407,469,469,473,477,480,478,478,481,480,477,483,484,476,468,464,466,462,457,451,443,435,431,426,421,418,413,411,408,476,477,481,486,486,481,478,479,477,478,478,476,471,467,467,465,460,454,448,439,432,427,423,420,418,414,411,412,478,483,487,487,485,479,475,472,472,474,474,471,469,468,464,461,454,447,440,431,426,424,422,419,418,413,413,413,488,496,497,493,487,477,472,468,472,476,474,469,465,461,460,455,449,443,435,428,424,422,421,417,416,416,416,416],"minElevation":368,"maxElevation":497,"usedBounds":{"minLat":46.498221644242356,"maxLat":46.51433005575763,"minLng":-90.10481786499997,"maxLng":-90.08141383500003}}