{"gridWidth":21,"gridHeight":15,"elevations":[272,251,237,231,239,259,274,281,282,279,278,278,275,271,269,273,274,271,269,263,252,286,272,251,233,227,231,239,248,253,251,246,239,235,233,233,242,244,243,248,254,247,290,286,271,244,228,221,220,222,221,221,218,215,214,213,213,217,217,216,217,222,226,286,283,271,252,238,234,227,225,224,220,218,218,220,219,217,215,217,216,214,211,212,287,279,261,256,259,258,254,248,247,245,252,254,251,244,240,236,234,231,223,216,213,285,274,267,275,285,285,283,278,277,281,282,278,273,263,262,252,245,237,224,216,222,286,285,282,287,294,292,289,288,287,285,283,278,272,267,264,257,248,232,222,227,244,296,296,293,292,294,293,289,288,290,284,280,276,270,264,261,249,235,226,232,246,258,300,296,295,295,294,293,290,293,294,288,284,280,275,264,252,237,225,234,251,261,265,300,295,293,292,293,293,294,300,296,289,282,276,271,259,241,227,233,247,262,268,267,298,295,295,294,292,292,292,291,288,284,279,273,260,243,231,228,245,262,268,269,268,298,296,294,290,292,292,292,290,286,280,276,269,252,236,234,244,254,266,273,272,270,294,290,289,289,292,293,290,291,288,280,270,254,241,235,245,253,259,268,272,273,272,292,288,287,290,292,294,291,286,281,276,264,248,238,246,254,256,262,268,271,272,275,291,285,286,290,292,293,292,289,285,272,255,243,245,253,256,259,264,269,272,274,277],"minElevation":211,"maxElevation":300,"usedBounds":{"minLat":44.84671321922795,"maxLat":44.85908168077205,"minLng":-92.79463370500005,"maxLng":-92.777186795}}