{"gridWidth":26,"gridHeight":20,"elevations":[654,672,690,712,735,761,784,797,774,738,705,674,653,641,626,610,598,588,577,564,558,550,542,536,526,517,683,699,716,738,763,792,806,789,755,724,697,674,651,632,616,599,585,577,573,563,556,550,540,530,522,516,706,727,743,766,789,799,783,748,722,700,678,658,639,624,608,597,580,570,565,560,552,544,538,530,531,530,719,747,775,799,817,798,757,730,701,684,664,646,627,611,600,592,579,566,558,553,547,540,538,537,541,549,748,777,801,817,810,782,759,737,720,699,674,653,630,616,606,595,578,566,559,554,549,546,546,553,558,567,772,799,821,820,788,765,744,725,714,695,676,661,644,631,619,603,584,571,564,562,565,563,565,572,580,585,793,823,836,823,800,774,753,738,723,706,683,665,645,630,613,599,581,572,574,578,580,582,586,592,600,616,794,827,838,820,799,774,758,734,712,690,668,650,636,622,606,593,586,586,585,589,592,603,611,615,627,647,806,827,822,799,776,760,749,735,719,699,679,662,646,628,610,595,596,601,604,609,613,631,641,651,668,681,823,840,826,802,779,774,766,740,718,693,672,652,633,619,611,610,614,614,619,629,639,659,679,696,703,687,827,850,840,817,798,784,763,727,697,672,653,636,624,621,626,625,633,637,645,652,668,691,714,718,697,660,812,841,846,827,808,780,749,723,696,667,647,637,638,642,644,650,656,665,676,689,703,719,727,698,661,628,801,833,846,828,802,773,748,722,692,672,668,661,659,667,667,673,686,696,711,723,724,712,691,665,634,598,806,835,844,831,805,777,748,726,707,704,695,686,689,694,702,708,715,728,735,728,702,675,654,641,616,587,824,844,853,839,810,781,754,734,735,729,728,722,722,727,736,743,749,745,719,695,666,647,635,618,592,562,835,858,865,843,815,788,774,765,761,759,759,756,754,754,759,751,735,708,677,653,636,627,609,590,569,541,827,864,878,861,833,811,800,794,785,787,785,778,770,757,740,713,683,658,639,621,604,593,581,562,542,525,806,827,851,859,853,838,826,801,783,777,772,756,738,722,701,681,654,629,607,592,578,562,549,537,524,508,746,761,784,798,813,802,791,768,744,728,713,702,697,684,663,647,626,611,586,568,559,546,533,520,510,495,693,708,729,742,740,741,724,716,699,676,665,655,647,643,631,616,598,582,566,551,541,531,523,510,498,485],"minElevation":485,"maxElevation":878,"usedBounds":{"minLat":38.389767913006,"maxLat":38.40671058699402,"minLng":-78.77189214,"maxLng":-78.75027365999995}}