{"gridWidth":25,"gridHeight":18,"elevations":[2575,2584,2592,2601,2607,2611,2612,2606,2600,2615,2637,2656,2666,2670,2665,2664,2677,2696,2711,2716,2722,2732,2736,2742,2761,2580,2582,2586,2588,2589,2591,2592,2592,2595,2609,2627,2643,2650,2652,2654,2662,2678,2688,2692,2690,2692,2702,2718,2738,2765,2575,2575,2575,2575,2575,2579,2583,2584,2590,2599,2608,2614,2623,2633,2648,2663,2668,2664,2664,2669,2688,2711,2735,2757,2784,2568,2569,2568,2569,2572,2576,2579,2580,2585,2590,2597,2604,2617,2633,2643,2647,2647,2648,2654,2669,2691,2715,2739,2760,2784,2565,2566,2567,2569,2576,2583,2583,2588,2596,2600,2603,2605,2612,2621,2629,2630,2632,2640,2649,2660,2674,2702,2727,2746,2769,2564,2566,2571,2582,2593,2601,2601,2601,2605,2612,2616,2614,2612,2615,2624,2634,2636,2639,2641,2651,2661,2678,2698,2718,2738,2563,2569,2582,2596,2610,2614,2614,2616,2618,2620,2629,2632,2630,2628,2637,2651,2659,2652,2652,2660,2670,2678,2682,2691,2704,2568,2580,2589,2595,2601,2605,2611,2618,2626,2630,2639,2644,2649,2651,2657,2670,2679,2677,2675,2682,2695,2709,2714,2710,2713,2565,2572,2579,2587,2599,2609,2619,2631,2641,2650,2656,2664,2665,2672,2679,2690,2699,2706,2707,2703,2711,2729,2747,2751,2750,2561,2570,2584,2601,2614,2631,2646,2658,2665,2671,2677,2682,2686,2693,2697,2705,2711,2722,2730,2732,2736,2743,2757,2771,2780,2564,2576,2595,2614,2635,2657,2675,2687,2691,2696,2702,2705,2711,2722,2722,2721,2724,2732,2750,2761,2771,2772,2769,2782,2794,2570,2580,2600,2619,2642,2666,2692,2711,2724,2729,2734,2739,2744,2746,2749,2749,2746,2751,2767,2780,2790,2785,2774,2774,2782,2570,2582,2596,2616,2640,2665,2695,2723,2746,2762,2765,2767,2772,2774,2773,2771,2770,2776,2784,2798,2805,2793,2775,2764,2760,2570,2587,2601,2617,2639,2663,2689,2716,2748,2774,2791,2803,2805,2803,2802,2799,2799,2804,2809,2812,2812,2800,2775,2758,2744,2579,2590,2603,2620,2638,2655,2678,2703,2731,2758,2788,2812,2830,2830,2828,2828,2829,2829,2828,2817,2804,2790,2766,2743,2732,2595,2600,2610,2625,2636,2651,2669,2689,2714,2742,2770,2792,2810,2823,2834,2837,2839,2832,2822,2808,2791,2775,2749,2728,2721,2596,2611,2622,2633,2641,2653,2670,2687,2707,2729,2753,2777,2794,2810,2822,2828,2824,2816,2802,2791,2776,2757,2737,2717,2704,2583,2602,2620,2638,2653,2663,2677,2694,2712,2731,2752,2773,2790,2805,2816,2816,2804,2790,2777,2767,2752,2734,2718,2697,2683],"minElevation":2561,"maxElevation":2839,"usedBounds":{"minLat":42.96491276381239,"maxLat":42.98013533618759,"minLng":-109.76198266999995,"maxLng":-109.74117773}}