{"gridWidth":13,"gridHeight":10,"elevations":[269,269,271,270,268,260,256,256,256,256,256,256,256,268,269,272,277,277,271,261,256,256,256,256,256,256,261,262,269,275,277,276,274,265,261,267,265,257,256,262,264,271,275,274,272,275,279,278,278,272,263,256,261,264,270,269,268,270,275,281,279,272,265,258,256,262,263,267,270,270,270,277,282,278,266,257,256,256,256,257,261,264,271,277,280,281,275,262,256,256,256,259,258,259,262,263,268,273,274,270,259,256,256,256,261,260,260,260,262,264,265,266,265,256,256,256,256,262,261,261,259,260,261,262,262,261,256,256,256,256],"minElevation":256,"maxElevation":282,"usedBounds":{"minLat":43.046563274999976,"maxLat":43.054513425,"minLng":-89.37765585567028,"maxLng":-89.36677644432963}}