{"gridWidth":20,"gridHeight":13,"elevations":[418,419,421,421,419,416,417,418,425,428,428,426,423,423,424,424,428,431,431,428,418,420,419,417,417,417,418,423,426,427,427,424,421,422,424,424,425,425,425,425,417,419,417,415,415,416,417,422,425,426,424,422,422,423,423,423,424,425,423,423,415,413,413,413,415,417,418,423,426,425,423,424,425,425,423,421,423,423,421,420,416,417,413,412,415,418,420,423,422,424,425,426,426,426,424,424,423,421,421,421,422,421,419,416,417,418,420,420,420,423,427,427,428,426,426,426,425,421,419,418,423,423,421,421,423,425,426,422,421,423,426,427,427,424,424,426,425,420,416,414,420,420,420,421,422,423,427,426,426,429,431,433,430,424,423,424,421,417,414,412,417,413,415,418,420,418,419,421,423,425,426,423,422,419,419,418,416,413,412,411,419,415,412,411,412,413,412,413,416,416,417,416,415,411,410,411,412,412,410,408,416,414,413,410,408,409,408,409,412,412,412,411,410,410,409,410,412,414,415,413,416,413,411,410,409,408,407,406,407,408,408,410,411,413,413,412,415,419,417,416,417,414,411,409,407,406,406,405,404,405,405,405,405,408,409,412,416,419,418,417],"minElevation":404,"maxElevation":433,"usedBounds":{"minLat":46.826651115000004,"maxLat":46.837843985000006,"minLng":-92.14568803747261,"maxLng":-92.1293274625273}}