{"gridWidth":25,"gridHeight":18,"elevations":[296,285,279,276,273,267,257,257,263,258,248,253,257,264,277,282,286,293,294,302,314,317,312,308,304,304,295,287,282,281,273,265,262,262,259,253,254,255,255,258,265,267,278,296,312,328,339,325,305,301,309,304,296,290,287,276,266,265,265,263,258,255,253,256,260,269,277,289,299,316,337,352,346,323,307,319,308,300,292,281,273,269,272,271,268,259,256,257,263,276,287,302,306,314,325,340,355,357,332,308,328,317,308,297,291,287,280,275,269,268,261,263,266,277,292,301,316,323,328,332,341,353,362,341,314,339,325,319,313,306,299,299,293,283,282,277,280,278,291,311,315,324,337,342,342,345,355,361,358,322,344,335,328,325,322,321,315,307,300,303,301,300,295,299,317,325,334,338,347,346,351,352,355,349,323,359,349,339,336,337,335,334,324,322,327,330,325,319,319,325,335,349,352,362,367,374,375,362,345,330,374,365,352,343,352,357,353,347,344,345,353,352,349,345,351,358,362,371,379,385,390,398,390,363,343,396,380,365,364,375,379,374,369,366,364,368,372,371,371,369,374,380,385,396,411,422,421,408,377,348,418,405,394,392,400,402,402,396,391,384,387,393,394,394,392,398,408,411,419,434,444,444,429,388,353,440,426,420,416,422,429,434,428,415,404,405,412,416,416,415,418,425,430,440,448,453,454,445,408,374,464,450,437,432,439,447,458,450,438,428,424,425,428,432,436,436,442,449,456,466,470,467,460,429,392,483,462,449,445,453,460,466,468,462,449,439,441,447,447,449,451,458,469,480,489,491,487,486,462,416,496,476,461,460,463,466,475,482,476,462,454,460,470,471,476,479,481,487,499,509,513,508,506,485,448,507,486,470,465,467,470,475,482,482,472,468,469,483,492,498,505,509,515,522,528,527,519,514,503,475,518,494,475,472,473,476,479,480,484,483,480,479,486,499,511,522,527,535,537,539,534,528,523,520,502,523,499,484,486,486,483,483,484,487,489,486,483,487,498,508,513,517,517,515,515,521,527,528,528,521],"minElevation":248,"maxElevation":539,"usedBounds":{"minLat":42.170313425,"maxLat":42.185620275000005,"minLng":-73.32949323277208,"maxLng":-73.30883796722787}}