{"gridWidth":24,"gridHeight":17,"elevations":[1829,1851,1875,1897,1932,1971,2003,1983,1956,1932,1903,1885,1868,1862,1848,1809,1770,1731,1708,1684,1662,1650,1647,1646,1828,1849,1877,1903,1942,1979,1994,1948,1921,1894,1868,1848,1833,1819,1798,1759,1735,1707,1690,1671,1664,1667,1668,1675,1845,1864,1883,1909,1950,1966,1937,1912,1886,1852,1828,1813,1799,1779,1751,1717,1701,1689,1683,1673,1679,1692,1699,1715,1864,1884,1899,1928,1947,1934,1900,1867,1842,1818,1793,1781,1757,1739,1714,1694,1687,1686,1689,1706,1716,1734,1754,1761,1898,1911,1920,1938,1934,1910,1878,1847,1822,1796,1772,1754,1738,1719,1705,1696,1694,1704,1727,1742,1756,1779,1798,1807,1944,1971,1961,1944,1922,1901,1881,1852,1824,1799,1777,1748,1736,1726,1720,1723,1723,1734,1749,1761,1789,1825,1871,1912,1999,2000,1974,1938,1911,1902,1897,1874,1844,1816,1791,1769,1755,1754,1748,1749,1761,1770,1786,1809,1839,1883,1909,1915,2040,2004,1963,1928,1910,1898,1887,1874,1861,1847,1816,1794,1789,1794,1797,1804,1828,1838,1844,1862,1875,1876,1871,1865,2082,2022,1971,1939,1914,1902,1888,1879,1873,1870,1862,1847,1837,1834,1840,1847,1850,1850,1845,1844,1840,1829,1826,1818,2095,2046,1987,1955,1931,1919,1917,1918,1917,1918,1908,1898,1881,1867,1851,1840,1830,1827,1821,1814,1807,1802,1799,1796,2082,2064,2012,1967,1951,1947,1943,1941,1944,1937,1921,1897,1872,1862,1855,1843,1829,1823,1819,1815,1809,1804,1800,1796,2048,2062,2046,2008,1987,1967,1952,1947,1938,1930,1917,1893,1870,1855,1847,1839,1832,1829,1827,1824,1821,1819,1819,1811,2035,2071,2079,2055,2025,1998,1981,1963,1945,1925,1908,1889,1873,1859,1846,1840,1844,1846,1837,1833,1826,1824,1825,1825,2031,2070,2096,2072,2038,2011,1989,1973,1962,1936,1917,1900,1889,1872,1863,1858,1862,1860,1850,1841,1835,1832,1833,1843,2044,2080,2098,2085,2050,2017,1996,1975,1961,1938,1915,1900,1886,1877,1870,1874,1879,1876,1876,1870,1860,1853,1858,1857,2051,2079,2097,2100,2075,2043,2017,1982,1959,1937,1910,1899,1900,1900,1898,1899,1904,1914,1924,1923,1912,1903,1890,1869,2045,2060,2072,2089,2103,2091,2065,2036,1991,1976,1956,1934,1926,1933,1933,1928,1930,1952,1969,1977,1967,1947,1915,1890],"minElevation":1646,"maxElevation":2103,"usedBounds":{"minLat":43.030479187822216,"maxLat":43.04493241217778,"minLng":-5.4009178649999985,"maxLng":-5.381143435}}