{"gridWidth":28,"gridHeight":21,"elevations":[170,169,168,165,162,165,167,169,167,165,165,168,166,163,165,164,165,165,170,175,173,169,170,169,168,166,163,164,168,167,168,167,168,167,172,174,175,171,169,168,166,169,174,185,199,202,204,208,205,205,201,199,197,192,189,184,170,169,169,175,173,174,187,192,188,183,177,176,178,187,206,222,233,242,239,235,235,232,230,228,226,221,213,205,177,178,176,175,175,173,181,187,183,181,182,189,195,208,228,248,267,280,283,279,276,271,267,257,248,241,228,216,170,174,172,174,173,172,178,183,183,183,188,193,201,217,235,257,282,306,323,325,311,301,293,284,272,263,245,231,176,173,172,170,174,175,177,183,190,190,192,195,203,216,235,256,283,312,338,347,338,323,314,300,287,276,261,245,191,182,183,182,182,182,182,184,187,191,192,197,204,224,248,264,289,318,343,355,349,341,334,321,308,297,279,260,202,194,193,188,185,185,188,188,188,192,197,208,225,243,259,278,299,323,346,360,364,361,356,342,329,315,299,282,210,198,194,184,184,190,194,193,199,212,222,234,249,269,277,294,314,333,355,373,381,382,378,364,352,336,321,302,212,205,196,185,187,190,195,206,218,239,251,262,269,282,294,313,332,352,372,393,406,404,398,389,372,357,347,327,211,208,198,192,198,197,208,226,236,255,271,278,283,294,312,330,351,369,387,410,420,422,421,408,392,381,371,353,222,213,205,204,210,216,225,253,264,271,285,289,299,311,323,344,367,392,413,427,436,440,441,426,409,400,389,372,226,213,210,215,226,236,249,272,289,289,296,311,319,329,345,365,386,412,433,438,446,450,450,434,421,413,402,385,233,216,218,231,244,258,276,294,310,315,315,328,341,358,376,395,417,439,451,451,450,454,454,444,429,419,409,396,234,228,237,252,267,279,295,309,327,337,344,351,366,390,409,421,434,454,467,463,457,454,451,444,431,424,417,408,233,241,256,271,284,301,316,329,348,357,360,370,388,413,427,430,438,455,468,465,459,451,443,439,437,431,426,417,242,254,268,287,303,320,336,349,365,371,368,369,384,411,424,423,426,437,451,458,461,459,451,444,440,436,430,423,250,266,274,296,313,330,343,352,360,360,357,357,365,388,404,409,414,422,435,448,463,466,461,453,448,442,439,430,249,268,280,298,318,328,335,334,335,334,336,338,344,363,381,395,410,423,435,450,463,468,466,458,454,448,443,440,254,272,287,300,309,318,317,312,311,316,316,317,325,341,359,380,402,426,440,450,464,466,465,465,465,461,454,448,256,263,274,285,287,292,296,298,301,307,312,315,317,328,347,369,395,425,441,448,460,463,463,468,471,471,466,458],"minElevation":162,"maxElevation":471,"usedBounds":{"minLat":42.608897965,"maxLat":42.626012335,"minLng":-72.88492498466897,"maxLng":-72.86166831533106}}