{"gridWidth":16,"gridHeight":12,"elevations":[286,291,294,293,293,294,294,293,288,290,299,306,305,304,301,294,289,292,293,290,289,289,286,280,276,278,287,288,281,278,275,271,286,289,288,287,283,281,279,275,271,269,270,267,263,261,261,261,282,286,288,285,285,285,282,278,270,265,264,258,253,252,254,251,289,298,303,299,298,299,296,293,287,277,269,262,254,248,248,244,304,314,315,315,317,313,318,316,308,300,290,271,257,247,238,233,317,323,325,328,333,337,338,336,333,319,308,289,269,254,242,233,323,330,335,351,359,362,361,356,349,341,326,308,283,267,256,243,316,327,338,357,378,390,390,384,373,362,341,321,300,286,270,254,312,319,327,344,365,389,402,406,399,377,350,335,318,301,285,264,304,311,316,329,342,365,388,404,407,393,359,338,320,306,290,267,298,305,308,313,326,339,361,379,390,391,368,340,317,299,283,263],"minElevation":233,"maxElevation":407,"usedBounds":{"minLat":40.101169884961735,"maxLat":40.11155261503828,"minLng":-76.93274673000006,"maxLng":-76.91917186999991}}