{"gridWidth":11,"gridHeight":8,"elevations":[247,236,228,227,225,219,213,208,208,209,206,253,244,234,233,228,219,214,212,212,211,209,257,247,235,228,228,231,228,219,214,215,212,259,251,248,246,250,249,239,229,224,224,225,259,263,268,265,263,259,253,242,235,234,235,271,278,284,280,274,267,257,249,253,254,250,280,288,296,293,278,275,264,259,264,262,258,275,276,277,282,280,269,264,272,269,265,259],"minElevation":206,"maxElevation":296,"usedBounds":{"minLat":42.46162236919655,"maxLat":42.46844323080349,"minLng":-85.76532947500007,"maxLng":-85.756083225}}