{"gridWidth":23,"gridHeight":16,"elevations":[2578,2579,2579,2570,2562,2554,2552,2557,2559,2561,2563,2566,2570,2572,2577,2580,2583,2589,2597,2602,2605,2607,2607,2563,2563,2567,2560,2550,2547,2549,2551,2553,2555,2559,2564,2567,2569,2572,2575,2580,2586,2591,2595,2598,2600,2601,2547,2545,2548,2544,2541,2543,2546,2553,2562,2570,2568,2564,2564,2567,2570,2572,2576,2579,2584,2587,2589,2593,2597,2535,2533,2536,2538,2543,2549,2560,2569,2578,2585,2586,2579,2578,2573,2575,2578,2581,2584,2583,2585,2590,2593,2593,2528,2532,2537,2545,2557,2569,2576,2583,2591,2597,2598,2597,2597,2595,2594,2596,2597,2601,2602,2607,2608,2610,2609,2530,2537,2551,2566,2576,2584,2592,2599,2608,2615,2622,2625,2621,2617,2611,2613,2615,2617,2618,2624,2629,2629,2627,2545,2554,2568,2578,2589,2599,2609,2620,2630,2637,2648,2657,2658,2654,2644,2641,2640,2642,2637,2641,2649,2650,2646,2553,2564,2574,2586,2598,2611,2620,2635,2651,2665,2676,2684,2687,2685,2682,2675,2675,2675,2669,2671,2675,2673,2668,2558,2576,2587,2597,2608,2624,2641,2654,2670,2683,2696,2708,2715,2713,2709,2706,2707,2706,2701,2700,2700,2698,2689,2564,2580,2599,2617,2633,2645,2656,2669,2687,2699,2715,2730,2742,2748,2747,2743,2737,2734,2730,2728,2726,2722,2713,2571,2589,2612,2634,2650,2661,2672,2688,2706,2719,2733,2748,2758,2765,2768,2766,2765,2765,2762,2755,2750,2744,2733,2583,2604,2625,2640,2653,2671,2691,2710,2721,2736,2748,2761,2772,2779,2788,2790,2790,2791,2789,2782,2775,2769,2760,2598,2619,2636,2654,2678,2695,2712,2728,2738,2751,2765,2776,2783,2795,2806,2805,2803,2802,2802,2804,2800,2792,2781,2619,2634,2647,2672,2693,2708,2726,2744,2754,2765,2779,2790,2798,2814,2828,2831,2828,2822,2819,2816,2811,2803,2796,2626,2639,2652,2672,2696,2715,2728,2743,2756,2767,2779,2789,2802,2823,2841,2848,2853,2846,2839,2831,2826,2823,2815,2623,2634,2645,2661,2686,2707,2719,2731,2745,2757,2767,2781,2797,2813,2826,2838,2848,2854,2857,2850,2841,2832,2825],"minElevation":2528,"maxElevation":2857,"usedBounds":{"minLat":44.60011930499999,"maxLat":44.613495395,"minLng":-107.52557442872745,"maxLng":-107.50678627127257}}