{"gridWidth":18,"gridHeight":13,"elevations":[346,349,349,353,359,363,368,369,367,369,374,380,383,391,396,395,397,401,347,349,354,358,363,362,365,365,365,370,377,380,386,397,403,400,401,411,351,353,358,360,366,364,364,365,367,370,376,378,384,389,398,402,406,415,352,354,353,356,360,365,366,369,376,384,389,381,376,385,396,410,422,430,353,354,351,353,358,359,360,369,381,391,398,396,391,392,397,421,436,438,358,358,358,353,360,366,365,369,380,398,407,406,413,417,410,424,438,440,367,363,362,360,362,370,378,381,391,405,416,415,421,426,421,431,443,440,371,368,370,369,367,369,375,382,397,410,425,438,441,436,438,441,439,435,371,372,371,369,371,368,376,385,394,405,421,443,454,441,437,436,433,430,367,371,373,376,374,373,387,400,406,415,428,437,442,435,435,431,425,425,373,376,378,383,383,386,392,402,417,438,443,436,432,424,420,419,416,410,369,374,378,382,389,397,402,413,428,442,447,437,434,424,411,404,398,400,373,378,381,387,397,412,424,431,433,432,431,428,427,425,423,413,395,392],"minElevation":346,"maxElevation":454,"usedBounds":{"minLat":44.236448214999996,"maxLat":44.246985885000015,"minLng":-85.72542292051946,"maxLng":-85.71071377948059}}