{"gridWidth":11,"gridHeight":8,"elevations":[312,311,309,302,298,294,290,289,288,291,292,304,302,300,299,296,291,288,290,290,291,292,300,300,296,295,294,291,292,293,291,291,290,299,301,295,294,293,294,303,311,307,302,292,291,297,294,292,292,297,309,324,324,305,289,306,305,295,297,299,307,308,307,302,295,288,317,315,303,305,314,321,313,304,303,301,293,310,311,301,301,313,325,331,316,303,295,292],"minElevation":288,"maxElevation":331,"usedBounds":{"minLat":42.53598914372599,"maxLat":42.54293675627401,"minLng":-83.81386469499995,"maxLng":-83.80443540500005}}