{"gridWidth":14,"gridHeight":10,"elevations":[263,264,258,242,236,235,233,235,234,235,234,236,234,231,260,258,254,251,240,237,239,237,235,233,234,235,236,233,260,260,257,252,247,246,241,239,235,231,231,232,237,236,263,262,260,264,266,262,254,242,234,231,230,233,236,236,262,263,262,267,272,277,270,255,238,234,230,230,232,232,260,256,254,256,261,275,279,264,245,234,232,230,229,230,263,255,250,252,259,269,269,260,246,236,232,230,230,232,264,257,255,260,265,270,270,260,246,235,231,231,232,233,267,264,265,273,277,269,258,249,240,233,231,231,234,233,269,269,275,284,288,280,259,244,239,237,234,235,234,233],"minElevation":229,"maxElevation":288,"usedBounds":{"minLat":42.494201950000026,"maxLat":42.502627249999996,"minLng":-88.19594529801417,"maxLng":-88.18451800198592}}