{"gridWidth":6,"gridHeight":5,"elevations":[394,393,393,393,401,410,396,399,391,387,391,403,398,404,397,382,387,392,397,404,404,401,401,404,397,406,413,415,414,415],"minElevation":382,"maxElevation":415,"usedBounds":{"minLat":45.32261764572057,"maxLat":45.32638175427944,"minLng":-88.52728493000001,"maxLng":-88.52193126999998}}