{"gridWidth":11,"gridHeight":8,"elevations":[179,170,157,149,142,131,123,120,117,119,127,184,174,161,149,140,133,124,120,116,125,136,185,177,167,159,156,147,131,120,117,126,138,185,183,178,177,175,164,148,131,121,124,134,189,194,194,192,188,180,169,157,135,125,129,195,203,207,206,204,197,186,177,154,136,129,193,202,210,216,219,211,199,185,171,156,137,183,191,201,211,217,218,212,196,179,160,141],"minElevation":116,"maxElevation":219,"usedBounds":{"minLat":44.644560480000024,"maxLat":44.651201920000005,"minLng":-70.17621641016976,"maxLng":-70.16688118983024}}