{"gridWidth":16,"gridHeight":12,"elevations":[293,286,284,285,283,283,285,296,319,334,331,326,327,344,362,383,280,279,280,282,283,284,285,299,319,329,333,333,339,355,370,385,280,281,282,281,283,285,289,300,319,328,335,348,363,372,382,394,278,279,279,280,282,287,297,309,322,330,335,356,377,386,395,406,277,281,283,285,289,297,302,313,328,337,346,367,385,397,406,412,278,281,286,294,303,311,315,325,338,352,365,377,391,402,409,418,281,286,294,301,313,326,336,347,360,372,382,395,404,409,418,422,285,292,299,310,320,334,348,365,378,386,395,410,423,431,445,445,290,299,305,313,325,342,359,376,390,406,418,432,443,450,452,452,296,307,315,324,334,347,367,382,401,424,436,450,459,456,452,452,297,310,323,336,347,360,373,392,414,431,449,457,456,455,452,454,300,317,336,351,362,373,384,397,413,427,441,449,451,454,457,458],"minElevation":277,"maxElevation":459,"usedBounds":{"minLat":41.82997047652225,"maxLat":41.83979712347775,"minLng":-73.316762995,"maxLng":-73.303574105}}