{"gridWidth":22,"gridHeight":15,"elevations":[1577,1580,1596,1597,1609,1629,1644,1656,1666,1681,1696,1709,1720,1726,1727,1739,1748,1764,1815,1868,1897,1933,1583,1583,1596,1604,1615,1628,1639,1654,1667,1675,1687,1702,1719,1734,1743,1752,1756,1763,1792,1830,1864,1920,1586,1587,1591,1600,1609,1623,1634,1645,1658,1670,1683,1695,1712,1736,1759,1766,1773,1788,1795,1818,1846,1891,1591,1589,1593,1602,1608,1620,1632,1643,1652,1659,1674,1698,1717,1739,1785,1805,1811,1811,1814,1825,1848,1877,1596,1593,1593,1600,1610,1619,1627,1636,1650,1671,1702,1732,1746,1773,1803,1845,1867,1870,1877,1877,1870,1880,1602,1604,1598,1598,1608,1616,1633,1644,1664,1696,1728,1763,1803,1831,1845,1874,1909,1931,1944,1945,1957,1948,1601,1601,1601,1607,1618,1634,1650,1670,1707,1739,1763,1797,1840,1881,1893,1915,1942,1975,1998,2005,2004,2000,1599,1604,1619,1636,1645,1654,1670,1703,1741,1779,1814,1842,1870,1910,1940,1963,1986,2023,2055,2065,2062,2057,1608,1626,1643,1649,1660,1686,1708,1734,1767,1806,1843,1878,1915,1943,1972,2001,2037,2062,2092,2112,2113,2113,1629,1645,1658,1670,1699,1719,1738,1766,1793,1827,1867,1905,1940,1971,1999,2022,2051,2076,2112,2134,2159,2167,1627,1650,1680,1700,1727,1743,1762,1788,1812,1844,1884,1927,1961,1990,2013,2038,2059,2092,2119,2145,2173,2204,1620,1638,1671,1694,1719,1747,1766,1788,1823,1854,1889,1928,1971,1995,2019,2038,2068,2100,2124,2152,2180,2212,1618,1630,1655,1674,1698,1727,1751,1779,1815,1844,1877,1917,1949,1982,2015,2039,2073,2094,2119,2146,2182,2221,1618,1620,1632,1656,1671,1701,1730,1755,1782,1812,1853,1883,1910,1951,1997,2035,2060,2091,2121,2151,2181,2219,1648,1632,1624,1634,1656,1678,1700,1723,1753,1779,1811,1848,1879,1923,1962,1997,2041,2079,2106,2139,2177,2209],"minElevation":1577,"maxElevation":2221,"usedBounds":{"minLat":45.924323533533496,"maxLat":45.93701406646652,"minLng":7.095782805000001,"maxLng":7.114028695}}