{"gridWidth":20,"gridHeight":14,"elevations":[456,457,457,458,459,460,461,460,454,449,450,449,453,459,457,453,454,456,457,458,454,456,457,460,459,455,454,455,452,449,451,453,458,459,459,459,457,456,458,462,456,453,457,454,451,449,446,447,448,454,458,459,460,459,458,460,461,459,458,460,458,457,458,452,446,446,447,449,453,461,465,463,459,458,459,460,461,460,459,459,460,458,452,446,447,449,454,458,461,463,464,464,463,462,462,461,460,460,460,460,453,449,446,451,456,459,460,460,462,463,463,462,462,462,462,460,461,462,462,460,446,447,453,459,462,461,460,458,457,457,453,453,453,455,462,465,465,462,461,459,449,452,458,460,465,465,457,453,453,456,454,454,459,461,462,464,464,461,460,458,444,446,457,465,467,466,461,457,455,457,460,460,463,461,462,465,463,462,460,456,446,456,463,465,464,455,453,452,455,457,460,461,461,460,462,464,462,458,455,454,465,464,463,460,457,456,458,458,461,461,463,465,464,465,466,466,462,455,451,450,463,463,460,451,451,454,454,457,459,463,465,466,467,466,463,463,457,453,455,455,461,456,450,449,449,452,455,457,458,459,460,463,464,461,461,457,452,452,458,460,458,452,449,450,448,452,454,457,457,456,452,455,457,458,455,453,451,451,455,457],"minElevation":444,"maxElevation":467,"usedBounds":{"minLat":45.70459377006432,"maxLat":45.71622412993568,"minLng":-90.3705056,"maxLng":-90.35384999999991}}