{"gridWidth":21,"gridHeight":14,"elevations":[364,360,357,354,353,349,345,343,342,343,344,343,344,345,343,343,344,344,345,350,368,363,353,352,352,352,351,350,350,349,345,344,343,343,344,342,341,341,342,346,354,369,363,351,350,350,352,351,350,351,350,349,348,346,344,346,346,345,342,341,344,351,363,357,351,351,352,352,351,350,351,350,350,350,351,352,350,348,346,343,344,345,344,357,357,354,352,351,352,350,351,352,351,350,352,353,353,347,345,345,343,343,344,348,364,354,351,354,353,352,350,352,353,351,349,352,356,350,348,347,346,344,343,347,356,369,355,353,352,352,350,350,352,355,354,352,353,353,348,348,349,345,345,350,355,364,375,356,354,352,351,352,353,355,357,357,356,351,351,350,348,348,348,350,354,359,370,393,353,352,353,354,354,354,357,358,356,351,350,349,348,348,350,350,350,364,381,399,416,361,361,362,359,355,355,354,353,352,350,349,346,347,355,357,364,371,391,413,427,439,375,374,369,361,357,355,354,352,351,352,350,347,352,362,365,382,401,420,440,456,472,380,368,356,352,352,349,347,349,351,351,350,350,359,375,384,408,428,440,454,471,490,361,354,359,359,355,349,344,348,350,350,345,351,372,391,409,429,450,468,491,513,527,363,378,384,375,366,356,348,349,350,353,362,379,397,417,435,459,480,503,528,550,568],"minElevation":341,"maxElevation":568,"usedBounds":{"minLat":47.547368030000015,"maxLat":47.55935637,"minLng":-120.68306187481318,"maxLng":-120.6652988251868}}