{"gridWidth":18,"gridHeight":13,"elevations":[298,297,297,292,288,284,284,280,278,272,264,253,248,249,252,260,272,282,303,302,302,302,298,294,287,285,285,277,270,264,254,249,250,254,261,266,309,309,307,306,303,296,292,290,285,282,284,274,262,253,250,251,258,264,319,318,315,310,302,301,298,293,301,310,303,290,273,263,261,254,253,259,327,328,320,312,305,304,299,300,316,321,314,305,293,279,270,258,251,253,337,336,334,322,311,311,310,313,317,317,316,307,295,294,279,263,254,251,336,337,336,333,322,321,322,323,321,317,307,296,286,283,274,264,263,255,336,340,340,340,331,334,336,330,324,315,299,281,272,269,261,257,258,257,340,343,344,344,342,342,347,338,322,301,285,269,262,260,256,255,256,258,341,347,347,344,336,338,343,334,315,291,271,263,259,259,257,257,258,254,335,344,343,334,327,318,316,307,293,275,261,256,257,256,257,258,255,253,323,329,322,316,307,298,290,279,273,266,257,255,253,254,254,253,254,254,300,302,297,291,285,280,278,274,270,264,256,252,252,255,251,252,250,253],"minElevation":248,"maxElevation":347,"usedBounds":{"minLat":44.93858799500001,"maxLat":44.949048704999974,"minLng":-85.14373329662642,"maxLng":-85.12895410337357}}