{"gridWidth":15,"gridHeight":11,"elevations":[342,340,339,338,337,335,334,334,335,332,333,336,336,337,337,343,342,342,340,339,335,333,334,335,334,337,341,343,339,339,345,345,345,345,342,340,341,340,344,342,345,348,347,344,344,348,347,348,347,343,343,343,345,349,356,362,362,357,350,349,350,349,349,347,344,345,349,355,367,383,385,376,367,356,353,351,352,352,351,354,361,373,377,384,390,384,373,363,354,352,353,356,359,369,373,377,387,394,396,390,378,368,358,351,349,369,369,366,375,389,390,396,402,401,391,376,365,359,353,352,384,387,387,381,381,387,397,398,396,389,374,364,359,353,354,393,395,397,396,392,390,394,396,388,386,380,368,358,356,360,390,393,395,398,396,392,391,397,396,390,383,373,366,362,364],"minElevation":332,"maxElevation":402,"usedBounds":{"minLat":45.03340686557062,"maxLat":45.04252233442937,"minLng":-84.59672223499999,"maxLng":-84.583822465}}