{"gridWidth":16,"gridHeight":12,"elevations":[499,497,489,481,483,490,490,489,491,496,495,495,490,478,474,474,492,494,488,481,488,498,500,501,502,503,499,497,490,480,474,475,498,496,493,494,497,505,512,509,508,507,505,502,497,484,478,477,505,504,502,506,507,509,515,512,512,512,510,504,498,482,478,478,514,515,513,515,519,520,517,514,513,515,511,506,496,483,477,477,519,518,517,515,517,518,516,512,509,510,511,509,504,492,483,482,519,517,514,515,518,517,516,515,507,504,509,511,510,497,485,481,517,516,512,515,519,522,520,517,511,507,510,513,508,495,491,482,512,510,507,513,516,520,519,513,505,502,502,502,498,494,489,481,502,499,504,508,510,513,509,500,496,498,498,497,496,492,481,479,499,494,503,508,509,511,507,499,498,496,495,493,494,488,484,485,494,489,494,499,503,506,504,494,487,491,494,485,484,484,487,487],"minElevation":474,"maxElevation":522,"usedBounds":{"minLat":45.62102761500003,"maxLat":45.630624085000036,"minLng":-89.35377722845163,"maxLng":-89.34005507154842}}