{"gridWidth":16,"gridHeight":11,"elevations":[343,346,349,351,356,358,355,359,362,361,364,365,366,364,362,362,344,347,349,348,351,358,361,363,366,366,369,373,379,378,377,376,342,341,344,345,350,354,357,364,371,367,369,377,378,378,374,371,344,344,346,352,355,361,364,369,381,385,385,383,381,384,382,379,350,350,353,356,365,370,380,384,388,387,393,395,392,392,392,392,353,353,357,373,382,392,400,400,396,398,402,408,399,398,400,401,368,372,379,399,409,414,419,418,420,411,411,409,409,409,406,406,385,402,427,436,439,435,434,435,430,426,424,424,418,415,413,412,399,422,444,451,454,446,441,443,439,442,438,435,424,417,413,414,393,412,434,451,458,455,453,453,453,454,452,449,442,433,426,423,381,394,412,431,450,460,461,461,460,459,460,460,458,455,449,441],"minElevation":341,"maxElevation":461,"usedBounds":{"minLat":45.832117419999996,"maxLat":45.84165058,"minLng":-88.09176306963809,"maxLng":-88.0780798303619}}