{"gridWidth":18,"gridHeight":13,"elevations":[440,431,417,401,388,375,356,347,343,344,347,351,364,380,398,408,409,406,447,440,427,414,403,395,385,377,367,352,348,347,354,364,376,386,388,385,457,451,441,427,421,414,405,394,382,367,355,349,349,351,354,360,364,366,460,457,448,439,431,423,409,396,386,384,384,372,367,363,366,370,380,387,464,459,450,441,433,421,402,403,408,415,415,406,404,396,393,397,403,408,462,452,444,437,428,419,415,424,436,447,455,451,445,437,424,418,419,419,460,450,443,435,428,426,434,448,468,483,492,486,472,457,443,438,437,431,464,455,448,441,439,443,454,474,497,512,513,505,486,471,459,454,449,443,471,464,456,446,454,463,475,495,518,531,526,512,494,482,471,462,456,449,478,468,459,458,474,483,492,513,534,544,538,517,501,491,477,468,456,452,481,474,469,472,482,497,510,528,544,548,539,522,508,496,484,473,466,457,492,488,483,487,490,505,527,539,545,547,535,522,511,503,491,480,470,459,501,500,498,502,505,514,530,540,545,543,530,520,511,501,491,478,470,464],"minElevation":343,"maxElevation":548,"usedBounds":{"minLat":43.592136270000026,"maxLat":43.603046129999996,"minLng":-72.19062284406466,"maxLng":-72.17555815593529}}