{"gridWidth":20,"gridHeight":14,"elevations":[500,484,476,469,462,461,462,462,462,462,458,454,449,448,446,438,436,439,442,445,504,490,476,469,466,466,466,466,466,468,469,465,460,452,446,440,438,437,437,439,494,487,473,466,463,465,468,471,472,474,478,480,471,466,451,442,437,434,431,431,482,477,467,460,457,461,468,476,480,481,485,491,488,478,467,450,440,433,426,425,467,460,453,448,452,458,462,472,483,492,496,498,501,498,487,469,457,447,437,428,452,447,445,443,450,458,464,475,485,494,503,509,513,509,497,483,468,455,446,435,443,442,446,448,452,459,467,476,487,496,508,515,517,517,510,495,480,461,448,437,443,445,448,455,460,467,474,482,493,501,508,516,519,522,519,507,485,466,452,443,445,449,453,459,467,473,481,488,495,502,509,515,518,521,520,508,494,480,464,453,443,447,453,460,465,472,480,490,495,499,502,507,512,516,514,508,503,495,478,464,436,442,447,453,461,470,478,486,491,494,498,502,507,508,509,506,503,494,482,470,430,437,442,451,460,466,473,479,483,484,487,491,493,494,496,497,495,486,477,469,425,430,437,447,454,459,466,468,470,472,471,476,478,478,480,482,483,476,470,462,423,424,426,432,443,448,450,451,455,458,458,458,460,460,466,469,469,465,462,454],"minElevation":423,"maxElevation":522,"usedBounds":{"minLat":44.566682990000004,"maxLat":44.57832761,"minLng":-71.2338245857651,"maxLng":-71.21747811423488}}