{"gridWidth":16,"gridHeight":12,"elevations":[2197,2172,2154,2151,2147,2140,2130,2122,2115,2101,2089,2077,2063,2058,2054,2050,2183,2163,2148,2139,2135,2125,2116,2108,2101,2091,2082,2075,2067,2062,2057,2053,2175,2160,2144,2128,2123,2114,2111,2108,2102,2105,2097,2082,2073,2068,2065,2065,2166,2143,2135,2127,2121,2123,2128,2135,2134,2129,2118,2102,2083,2075,2076,2081,2154,2139,2133,2131,2135,2152,2160,2166,2159,2148,2132,2111,2093,2088,2091,2098,2149,2145,2141,2148,2160,2179,2190,2191,2175,2156,2136,2116,2101,2098,2104,2117,2152,2148,2153,2163,2181,2200,2211,2201,2178,2158,2140,2125,2115,2111,2114,2127,2159,2157,2162,2178,2194,2210,2216,2206,2186,2166,2148,2137,2130,2126,2133,2132,2167,2164,2168,2179,2193,2209,2217,2217,2204,2186,2168,2154,2144,2143,2143,2138,2174,2176,2178,2185,2200,2213,2220,2219,2214,2205,2195,2176,2161,2157,2153,2145,2194,2195,2195,2199,2207,2216,2220,2223,2217,2211,2202,2186,2170,2159,2152,2143,2208,2212,2209,2210,2218,2223,2226,2227,2225,2213,2201,2183,2170,2154,2148,2136],"minElevation":2050,"maxElevation":2227,"usedBounds":{"minLat":39.345886423298246,"maxLat":39.35602647670175,"minLng":-120.27020615000002,"maxLng":-120.25709305}}