{"gridWidth":24,"gridHeight":18,"elevations":[530,526,525,508,485,469,472,481,487,489,486,478,470,458,441,427,409,400,397,395,393,392,390,391,532,531,529,522,514,498,478,466,464,480,485,481,472,458,447,428,411,402,398,395,393,394,392,391,536,537,536,533,527,518,507,490,463,461,471,472,466,455,444,430,411,401,399,398,395,396,393,392,540,540,539,538,535,530,524,512,496,461,456,469,467,453,439,424,410,400,401,398,394,395,393,394,548,547,543,540,540,542,533,523,512,481,446,448,450,443,432,415,407,400,403,403,399,397,394,395,546,546,544,542,540,542,540,536,524,506,478,462,436,428,424,413,406,404,404,403,398,395,398,395,548,550,551,549,547,545,541,536,533,523,498,482,459,438,421,406,401,403,401,400,399,397,397,397,553,554,554,551,551,548,543,540,536,524,508,487,464,444,422,407,406,400,399,399,398,399,396,396,552,552,554,555,554,550,540,539,535,527,508,492,471,448,428,413,406,399,400,399,397,396,393,393,557,557,557,556,552,544,541,531,528,525,514,496,475,452,435,415,407,400,396,397,395,394,392,394,559,558,558,552,545,542,538,532,527,518,511,494,471,453,432,415,404,399,396,395,395,392,393,392,556,556,554,550,542,539,537,534,529,517,505,494,475,451,434,420,408,404,398,397,396,393,392,392,554,550,546,545,540,538,535,533,529,519,506,494,476,457,439,423,406,399,398,395,392,391,391,391,550,549,548,547,543,541,538,536,530,524,515,499,479,458,437,420,405,399,396,394,393,391,392,390,545,548,550,550,544,540,543,540,535,529,520,506,490,470,449,428,409,400,393,390,390,390,389,391,543,548,550,548,543,539,543,544,539,534,524,511,497,475,456,435,415,397,391,390,391,390,388,390,537,542,544,546,543,540,538,541,542,540,532,523,508,489,467,444,421,401,390,389,389,388,388,390,534,537,538,541,540,540,539,536,536,538,535,531,518,501,477,452,432,407,394,388,387,387,388,389],"minElevation":387,"maxElevation":559,"usedBounds":{"minLat":43.632609890000005,"maxLat":43.647257509999996,"minLng":-75.43484132833764,"maxLng":-75.41460117166237}}