{"gridWidth":18,"gridHeight":13,"elevations":[2028,2029,2024,2022,2022,2021,2020,2022,2024,2026,2030,2040,2050,2067,2082,2089,2085,2066,2048,2040,2035,2032,2037,2037,2031,2023,2020,2022,2022,2027,2029,2039,2057,2069,2061,2042,2073,2070,2062,2055,2054,2052,2043,2033,2024,2018,2021,2023,2021,2023,2028,2036,2032,2025,2112,2102,2088,2079,2073,2063,2051,2042,2035,2032,2030,2025,2021,2022,2020,2018,2018,2019,2134,2123,2109,2095,2094,2086,2075,2066,2054,2049,2044,2037,2031,2025,2017,2018,2021,2020,2160,2138,2124,2117,2116,2111,2102,2086,2072,2063,2059,2050,2037,2030,2024,2021,2023,2022,2174,2155,2146,2147,2140,2134,2129,2115,2098,2084,2072,2065,2058,2052,2041,2026,2019,2019,2213,2200,2189,2180,2166,2156,2145,2134,2116,2099,2089,2093,2099,2098,2085,2057,2029,2023,2255,2244,2243,2230,2210,2185,2163,2145,2125,2116,2112,2112,2112,2114,2101,2081,2064,2056,2301,2287,2277,2263,2234,2205,2179,2153,2146,2145,2137,2131,2126,2121,2113,2107,2098,2085,2346,2326,2305,2277,2249,2221,2197,2181,2180,2173,2164,2151,2144,2136,2127,2121,2112,2106,2395,2362,2332,2301,2262,2224,2218,2220,2215,2214,2213,2196,2172,2157,2146,2136,2130,2130,2416,2373,2335,2293,2262,2259,2261,2254,2248,2252,2249,2230,2206,2184,2167,2154,2147,2143],"minElevation":2017,"maxElevation":2416,"usedBounds":{"minLat":44.48509878190151,"maxLat":44.49558261809848,"minLng":-109.95126272000005,"maxLng":-109.93656648000004}}