{"gridWidth":18,"gridHeight":13,"elevations":[1601,1591,1585,1582,1578,1573,1569,1564,1560,1557,1553,1551,1548,1553,1564,1572,1579,1581,1606,1596,1590,1587,1584,1582,1579,1572,1563,1559,1555,1555,1555,1563,1571,1576,1581,1583,1609,1606,1597,1594,1593,1591,1581,1570,1565,1562,1558,1558,1561,1569,1576,1581,1584,1587,1612,1609,1603,1601,1596,1587,1581,1575,1569,1564,1562,1560,1564,1573,1578,1584,1589,1592,1619,1615,1608,1602,1596,1589,1584,1584,1579,1577,1579,1577,1575,1582,1590,1594,1598,1597,1627,1624,1615,1613,1608,1603,1605,1609,1604,1596,1600,1599,1593,1593,1602,1606,1606,1606,1640,1638,1637,1644,1636,1631,1636,1638,1627,1622,1627,1624,1613,1607,1616,1624,1628,1624,1652,1659,1671,1676,1666,1657,1664,1661,1648,1641,1651,1648,1635,1626,1630,1640,1644,1643,1665,1675,1691,1696,1689,1684,1688,1675,1661,1665,1672,1665,1657,1649,1650,1657,1661,1658,1685,1694,1709,1720,1718,1715,1710,1697,1687,1692,1697,1693,1688,1684,1686,1685,1679,1673,1703,1714,1735,1746,1749,1746,1735,1726,1720,1725,1726,1725,1721,1717,1711,1704,1692,1681,1714,1726,1743,1760,1771,1773,1767,1758,1752,1752,1751,1748,1740,1729,1715,1705,1695,1682,1715,1726,1743,1761,1777,1784,1784,1779,1774,1771,1767,1761,1751,1734,1718,1704,1690,1674],"minElevation":1548,"maxElevation":1784,"usedBounds":{"minLat":45.273052706779325,"maxLat":45.28379959322068,"minLng":-117.121151645,"maxLng":-117.10587885500001}}