{"gridWidth":26,"gridHeight":18,"elevations":[264,261,260,257,253,249,247,240,235,232,229,228,228,230,229,230,225,219,215,213,212,207,204,205,206,206,276,274,272,267,264,260,255,249,245,242,240,236,231,230,233,230,227,225,224,220,218,214,209,208,209,208,287,284,282,276,275,272,267,259,254,249,246,243,240,237,233,229,227,226,224,223,221,220,217,216,215,212,300,295,292,289,287,285,279,274,270,264,255,249,246,245,243,238,235,233,227,223,223,223,221,219,217,215,318,313,310,306,301,294,286,281,281,273,264,257,255,250,247,244,240,239,234,229,227,223,222,220,217,219,335,331,329,323,317,309,300,291,287,282,277,274,265,259,254,249,246,245,241,239,237,231,229,226,224,225,349,350,347,340,333,323,315,305,296,289,285,282,277,269,263,260,258,256,250,244,243,238,237,237,238,239,371,368,365,358,352,344,333,323,312,303,296,290,283,282,280,276,274,268,260,254,253,250,251,253,252,249,394,393,387,377,364,360,350,340,334,327,314,305,300,295,290,285,280,279,274,270,267,267,263,263,262,259,411,409,406,400,390,383,370,365,358,347,332,323,316,313,310,306,302,295,288,283,282,282,277,275,272,268,430,424,421,417,411,403,400,393,381,362,351,345,341,336,332,327,321,312,308,303,298,296,291,288,287,282,451,443,438,430,422,418,413,409,404,387,372,367,361,353,350,345,339,333,331,326,320,316,313,309,305,301,459,456,449,440,429,421,421,417,412,410,404,392,383,371,363,361,357,358,356,353,349,343,336,329,324,318,456,455,452,449,440,430,426,425,420,415,411,405,398,392,395,395,393,393,387,383,375,365,355,347,345,337,448,450,447,444,439,433,430,431,429,426,420,412,407,403,403,405,407,407,407,400,383,368,355,352,352,351,428,427,427,424,422,425,428,430,428,429,423,411,403,399,401,404,404,403,397,386,373,364,356,353,353,352,405,408,409,407,410,418,422,422,420,415,406,398,393,392,396,396,393,390,382,372,364,359,355,355,354,354,390,393,397,400,403,407,410,406,404,399,390,382,380,381,384,385,381,376,369,361,356,354,352,354,353,353],"minElevation":204,"maxElevation":459,"usedBounds":{"minLat":46.807349457288915,"maxLat":46.82216944271108,"minLng":-89.66634598499994,"maxLng":-89.64469071500005}}