{"gridWidth":12,"gridHeight":9,"elevations":[326,326,323,327,327,325,321,320,321,322,323,323,334,333,329,329,331,329,325,324,320,322,321,322,338,336,336,332,334,329,322,326,329,326,322,322,336,337,342,340,339,337,332,328,328,327,327,327,337,342,352,355,366,363,350,340,332,325,323,322,338,344,357,373,380,374,365,352,342,331,321,314,340,344,350,357,361,363,367,362,351,335,324,316,343,342,347,353,358,362,361,358,353,339,330,321,348,348,348,351,355,358,356,351,346,340,334,329],"minElevation":314,"maxElevation":380,"usedBounds":{"minLat":42.740239107844026,"maxLat":42.74785999215599,"minLng":-83.37215865999997,"maxLng":-83.36178153999992}}