{"gridWidth":14,"gridHeight":10,"elevations":[324,330,333,335,332,329,331,335,334,331,329,328,326,323,319,328,340,336,335,335,336,339,339,333,333,332,330,327,317,325,331,330,326,313,322,333,339,338,334,331,328,327,321,333,337,331,320,308,308,315,326,330,330,330,328,322,327,342,352,344,328,319,311,305,313,320,317,316,315,316,322,341,350,338,327,317,304,299,306,315,313,310,304,308,322,338,342,331,321,311,302,298,297,302,304,305,305,306,317,314,317,321,317,308,300,295,293,293,293,292,300,305,308,301,299,302,308,305,300,296,294,293,292,294,296,300,305,298,296,295,299,301,302,297,292,294,293,294,294,299],"minElevation":292,"maxElevation":352,"usedBounds":{"minLat":42.64998661655768,"maxLat":42.65831448344231,"minLng":-83.529330745,"maxLng":-83.51800735500005}}