{"gridWidth":13,"gridHeight":10,"elevations":[465,465,465,461,448,437,425,419,413,402,393,386,376,469,466,465,462,455,447,437,423,408,394,387,383,374,468,467,467,463,458,454,445,431,413,398,388,378,374,464,463,462,460,456,452,445,433,419,402,385,373,369,453,458,457,454,452,450,440,432,422,404,385,368,365,444,452,452,452,449,440,435,423,417,404,392,369,362,428,438,444,446,443,434,426,413,407,397,387,375,366,413,414,424,432,431,424,415,405,396,393,388,378,370,394,394,398,404,409,408,402,396,388,382,373,366,366,375,379,377,381,387,392,388,387,381,375,367,364,363],"minElevation":362,"maxElevation":469,"usedBounds":{"minLat":41.84687359707086,"maxLat":41.85520060292914,"minLng":-80.08049308000002,"maxLng":-80.06931412}}