{"gridWidth":14,"gridHeight":10,"elevations":[216,215,219,222,224,229,231,235,243,248,251,248,251,251,221,223,226,232,236,242,243,253,267,275,273,272,275,278,225,230,235,238,246,252,263,280,291,293,288,292,298,301,230,236,240,247,253,263,274,291,305,309,304,302,314,323,241,244,249,256,263,275,288,305,314,320,324,327,332,345,254,253,256,265,275,285,303,323,337,342,347,354,354,361,263,265,273,281,291,303,319,339,352,361,367,371,373,378,270,276,291,302,314,320,336,352,366,378,390,400,401,401,284,291,298,310,333,347,357,376,388,399,418,432,438,431,298,306,321,336,350,375,390,407,417,430,449,464,471,462],"minElevation":215,"maxElevation":471,"usedBounds":{"minLat":43.45803857726313,"maxLat":43.46629582273686,"minLng":-72.46866215000004,"maxLng":-72.45728584999999}}