{"gridWidth":24,"gridHeight":16,"elevations":[2136,2103,2076,2045,2016,2010,2011,2015,2025,2040,2051,2052,2045,2034,2009,1980,1955,1925,1899,1886,1878,1876,1885,1896,2123,2090,2073,2054,2043,2043,2045,2045,2057,2075,2090,2089,2074,2049,2026,2001,1980,1960,1947,1927,1910,1896,1899,1917,2150,2125,2095,2081,2078,2084,2084,2083,2090,2103,2116,2124,2107,2083,2054,2030,2008,1992,1973,1952,1934,1914,1906,1921,2223,2191,2156,2138,2136,2134,2126,2115,2110,2112,2116,2125,2124,2103,2073,2047,2022,1997,1973,1949,1936,1924,1910,1907,2271,2250,2234,2214,2199,2187,2159,2129,2111,2101,2101,2110,2113,2092,2065,2037,2006,1981,1963,1945,1930,1914,1902,1892,2314,2300,2276,2249,2222,2192,2160,2124,2101,2093,2086,2088,2091,2071,2044,2016,1992,1971,1953,1938,1925,1909,1894,1886,2316,2288,2262,2233,2201,2167,2140,2111,2090,2079,2070,2062,2063,2045,2018,1995,1978,1962,1946,1928,1915,1904,1892,1880,2297,2266,2232,2197,2173,2146,2125,2101,2078,2059,2044,2033,2032,2022,1996,1978,1962,1946,1933,1918,1907,1899,1891,1876,2301,2266,2233,2204,2179,2150,2127,2104,2081,2062,2037,2016,2001,1990,1977,1962,1948,1938,1926,1912,1902,1895,1886,1873,2312,2274,2234,2203,2178,2155,2131,2111,2092,2070,2044,2018,1999,1984,1969,1954,1944,1934,1922,1905,1894,1888,1879,1873,2325,2295,2257,2236,2210,2181,2151,2124,2099,2078,2054,2031,2013,1999,1985,1962,1946,1934,1919,1899,1889,1883,1876,1870,2309,2291,2278,2259,2240,2212,2176,2142,2109,2083,2060,2040,2020,2002,1987,1966,1943,1930,1916,1899,1885,1881,1877,1869,2276,2254,2239,2227,2227,2213,2188,2150,2106,2081,2056,2029,2011,1997,1986,1976,1953,1931,1919,1902,1889,1881,1878,1873,2256,2225,2199,2176,2177,2179,2168,2133,2101,2078,2049,2023,2003,1988,1978,1972,1958,1933,1919,1909,1895,1883,1876,1872,2253,2216,2181,2136,2127,2124,2130,2110,2079,2056,2035,2011,1991,1977,1968,1961,1949,1929,1914,1904,1894,1877,1863,1855,2240,2206,2178,2140,2105,2082,2065,2053,2043,2022,2009,1992,1979,1967,1957,1948,1937,1922,1905,1893,1879,1862,1843,1833],"minElevation":1833,"maxElevation":2325,"usedBounds":{"minLat":47.923917695000014,"maxLat":47.937555605,"minLng":-112.82227941209227,"maxLng":-112.80192518790771}}