{"gridWidth":25,"gridHeight":19,"elevations":[505,500,494,489,486,483,478,465,454,436,419,405,398,398,396,398,398,398,402,417,437,466,489,504,507,517,512,505,499,495,491,488,483,477,465,452,435,413,403,399,399,399,399,398,401,406,426,457,482,495,534,531,522,512,506,502,495,488,485,478,468,454,440,420,403,401,399,400,399,399,396,399,420,445,471,537,534,524,513,509,507,499,491,486,479,465,455,446,432,416,404,402,402,402,399,398,397,403,414,438,530,525,520,511,503,501,494,482,480,467,438,426,427,429,418,406,405,404,402,399,398,398,400,401,412,523,510,508,502,495,490,486,483,478,463,432,421,416,413,409,407,405,403,402,401,400,400,397,397,399,518,507,502,496,487,481,480,476,469,452,433,434,420,410,411,418,421,413,407,401,399,396,395,397,398,507,500,488,481,474,466,459,453,442,428,430,440,432,429,436,445,447,441,427,412,403,398,396,396,397,498,492,473,452,448,448,443,433,430,435,447,449,449,452,459,467,468,467,459,447,424,406,397,397,396,490,483,464,449,460,462,459,453,450,457,460,461,463,472,482,488,486,487,484,472,462,441,421,407,401,483,471,455,450,465,468,469,471,474,480,481,480,486,497,503,505,504,505,500,492,487,477,460,438,420,476,458,452,461,472,479,485,493,500,507,509,510,512,524,529,533,530,525,517,514,507,499,493,479,459,461,454,470,484,493,502,510,518,525,532,540,545,548,558,559,558,553,549,540,533,518,512,507,501,491,458,474,497,508,519,530,542,549,554,567,575,574,570,572,571,565,560,556,549,540,530,519,514,510,503,489,504,518,528,542,559,570,574,577,581,582,584,582,579,574,565,559,555,548,538,526,518,513,504,493,513,524,540,557,569,581,584,581,579,582,583,584,583,581,575,565,558,547,534,522,512,504,496,480,465,542,555,570,585,592,594,592,586,581,578,579,581,578,573,567,558,549,535,525,515,505,493,479,466,461,573,590,602,607,608,607,605,598,585,573,573,573,569,563,556,547,534,522,515,508,497,488,484,488,492,602,609,611,611,611,609,609,607,594,576,564,563,562,556,547,537,523,511,506,503,502,504,509,516,518],"minElevation":395,"maxElevation":611,"usedBounds":{"minLat":42.465157899204,"maxLat":42.48058430079601,"minLng":-77.8669951,"maxLng":-77.84608070000002}}