{"gridWidth":21,"gridHeight":14,"elevations":[201,206,210,220,236,251,261,272,282,288,291,304,319,348,377,406,432,449,462,468,467,203,206,209,216,226,238,249,259,267,280,298,312,324,339,360,383,412,441,461,473,476,201,210,214,218,231,246,261,273,289,307,323,343,360,371,381,396,415,437,461,475,478,200,208,217,226,237,250,267,282,300,321,341,356,377,402,414,427,440,457,469,473,473,197,206,214,224,237,251,269,286,304,322,341,358,379,403,424,434,448,465,477,477,474,198,205,213,223,237,254,268,282,297,314,331,351,373,397,416,431,447,465,480,485,480,196,205,213,221,234,250,261,272,289,306,323,343,363,385,402,421,440,461,479,488,490,191,198,206,215,229,241,254,269,285,301,315,332,350,365,389,413,432,453,473,487,493,190,195,203,212,222,236,249,261,273,283,291,304,320,339,370,398,420,446,468,485,496,190,196,202,207,215,227,239,247,255,272,289,304,324,346,379,407,433,460,484,502,513,188,193,199,203,210,219,230,242,258,273,292,311,332,355,385,421,448,478,499,511,523,186,193,198,203,211,225,238,247,258,273,293,310,331,355,385,420,447,471,498,511,523,185,189,197,203,210,223,236,247,258,272,292,308,324,347,377,408,438,462,481,498,510,182,186,192,195,201,212,225,241,258,275,290,305,321,350,379,407,435,454,467,483,493],"minElevation":182,"maxElevation":523,"usedBounds":{"minLat":46.51793695606185,"maxLat":46.52977354393817,"minLng":-67.83052166499994,"maxLng":-67.81331863500003}}