{"gridWidth":13,"gridHeight":10,"elevations":[203,224,231,234,224,214,203,191,179,162,152,144,135,203,228,236,237,228,216,203,190,176,166,154,142,128,198,232,240,239,231,216,202,187,173,162,154,137,122,196,231,246,238,226,215,198,180,168,159,146,130,122,194,228,242,236,219,207,193,180,166,159,142,128,122,188,228,243,233,219,209,192,181,171,155,142,129,126,180,229,245,236,223,208,195,186,173,157,147,135,133,185,235,249,240,226,216,206,192,180,164,153,142,138,178,224,251,243,232,220,210,197,178,167,157,146,143,183,229,249,246,238,225,212,197,180,169,157,149,146],"minElevation":122,"maxElevation":251,"usedBounds":{"minLat":41.4968266165697,"maxLat":41.5052486834303,"minLng":-72.74709862999998,"maxLng":-72.73585337000006}}