{"gridWidth":24,"gridHeight":16,"elevations":[1199,1194,1189,1179,1159,1136,1126,1131,1145,1160,1155,1142,1131,1126,1134,1138,1131,1136,1138,1137,1130,1126,1121,1111,1219,1218,1215,1196,1181,1166,1150,1143,1153,1165,1165,1151,1144,1140,1145,1153,1150,1147,1149,1148,1141,1139,1133,1120,1242,1237,1225,1211,1201,1184,1169,1163,1174,1181,1170,1158,1155,1158,1160,1171,1179,1171,1154,1147,1144,1135,1134,1130,1267,1253,1233,1214,1204,1193,1180,1175,1186,1197,1192,1178,1169,1167,1168,1174,1182,1177,1159,1143,1129,1119,1117,1119,1283,1267,1244,1224,1214,1205,1196,1191,1191,1204,1208,1196,1187,1187,1189,1190,1185,1173,1163,1158,1147,1128,1109,1100,1300,1281,1254,1239,1230,1220,1213,1210,1205,1212,1216,1208,1204,1209,1213,1207,1193,1182,1178,1175,1167,1151,1129,1108,1322,1302,1273,1259,1250,1244,1244,1237,1229,1225,1228,1225,1220,1223,1223,1210,1199,1200,1195,1179,1165,1151,1135,1117,1342,1316,1290,1271,1263,1270,1278,1266,1251,1242,1243,1240,1233,1233,1227,1216,1213,1220,1214,1196,1173,1152,1134,1125,1345,1327,1310,1294,1286,1297,1305,1288,1272,1264,1262,1261,1256,1249,1239,1236,1231,1236,1227,1207,1184,1161,1144,1127,1357,1343,1328,1312,1312,1321,1328,1313,1294,1288,1283,1277,1276,1272,1263,1257,1252,1245,1232,1213,1185,1162,1145,1136,1347,1343,1338,1330,1334,1341,1346,1344,1333,1323,1312,1305,1305,1299,1285,1274,1264,1251,1230,1213,1195,1174,1160,1152,1312,1310,1317,1328,1335,1336,1341,1346,1342,1338,1341,1337,1336,1328,1315,1300,1287,1273,1248,1229,1208,1189,1176,1165,1285,1287,1304,1312,1313,1310,1309,1314,1317,1322,1328,1340,1347,1340,1333,1325,1310,1290,1270,1248,1225,1208,1193,1183,1255,1269,1291,1297,1294,1289,1282,1289,1296,1301,1299,1311,1315,1305,1304,1314,1323,1317,1297,1277,1255,1235,1218,1209,1245,1245,1263,1281,1296,1287,1263,1262,1273,1275,1272,1283,1290,1271,1266,1283,1305,1314,1308,1290,1272,1260,1249,1236,1233,1237,1265,1288,1299,1287,1263,1238,1236,1241,1252,1268,1268,1249,1240,1259,1281,1282,1278,1271,1256,1254,1252,1242],"minElevation":1100,"maxElevation":1357,"usedBounds":{"minLat":46.562721205,"maxLat":46.57625069499997,"minLng":-115.8805210959877,"maxLng":-115.8608411040123}}