{"gridWidth":11,"gridHeight":8,"elevations":[335,327,323,324,317,298,284,275,293,318,328,334,329,321,311,299,286,278,277,293,316,323,333,326,318,303,289,278,280,290,299,307,315,306,295,289,282,277,281,300,319,320,317,318,286,284,284,283,282,294,308,324,326,327,325,296,312,315,307,304,310,314,323,329,332,331,317,329,333,322,323,326,328,334,334,335,334,328,335,335,328,329,334,338,339,336,336,335],"minElevation":275,"maxElevation":339,"usedBounds":{"minLat":44.2417971545501,"maxLat":44.248397345449916,"minLng":-92.52053009500003,"maxLng":-92.51131660499999}}