{"gridWidth":11,"gridHeight":8,"elevations":[255,244,240,236,233,232,226,224,222,221,222,258,251,250,241,235,234,229,225,223,222,220,265,265,262,251,245,241,233,227,225,226,222,272,276,273,264,255,246,238,231,227,225,222,279,282,283,274,265,258,248,231,225,223,221,292,288,288,284,273,270,252,235,228,226,223,297,295,292,289,284,280,262,241,230,228,224,286,282,281,276,274,272,260,248,239,233,229],"minElevation":220,"maxElevation":297,"usedBounds":{"minLat":42.389049299999975,"maxLat":42.39593410000003,"minLng":-85.78847526475434,"maxLng":-85.77915313524565}}