{"gridWidth":23,"gridHeight":18,"elevations":[1068,1072,1078,1083,1083,1086,1085,1079,1051,1024,1007,995,979,952,925,902,883,862,839,813,784,762,735,1071,1078,1087,1098,1098,1092,1081,1049,1020,999,980,966,948,920,895,868,842,823,798,774,759,739,716,1083,1093,1105,1108,1101,1087,1054,1024,997,976,956,936,915,889,861,837,821,801,785,765,756,745,742,1093,1099,1105,1100,1087,1062,1035,1008,980,955,930,911,890,873,856,843,822,802,787,782,781,775,776,1093,1097,1098,1092,1076,1055,1033,1008,983,958,930,914,896,886,875,861,838,817,814,814,814,810,810,1093,1097,1095,1090,1083,1070,1045,1024,999,977,953,932,910,891,878,858,849,846,854,852,848,844,841,1102,1103,1102,1103,1100,1086,1058,1028,1004,980,960,934,910,895,884,880,887,893,891,883,871,861,851,1114,1116,1120,1115,1101,1076,1054,1029,1004,978,951,928,913,906,911,920,915,910,902,889,872,853,840,1130,1130,1125,1113,1091,1062,1036,1010,981,964,949,932,930,929,936,939,932,913,896,880,859,838,820,1129,1121,1109,1086,1067,1046,1019,994,977,969,958,946,948,950,951,945,928,911,887,865,845,828,814,1113,1096,1081,1059,1043,1028,1013,994,985,978,969,958,955,953,947,937,914,899,878,855,838,833,840,1082,1065,1050,1036,1029,1018,1010,1004,992,983,977,968,955,943,931,917,902,887,868,859,857,865,870,1063,1041,1028,1020,1015,1008,1002,1001,997,990,981,972,960,943,933,921,910,891,879,879,890,895,892,1044,1029,1017,1005,995,988,988,989,992,994,989,982,977,972,962,950,934,918,909,904,911,918,918,1026,1013,999,988,977,972,974,981,986,991,998,1001,1005,999,985,966,953,949,939,927,930,936,940,1008,993,981,970,966,964,969,976,984,996,1014,1022,1027,1024,1005,987,980,972,958,951,951,951,950,983,968,960,955,954,954,966,979,989,1000,1011,1019,1022,1021,1010,1000,993,982,974,973,970,966,956,959,947,946,951,948,942,952,966,972,980,987,997,1008,1015,1020,1018,1007,999,998,992,985,971,955],"minElevation":716,"maxElevation":1130,"usedBounds":{"minLat":37.910042770000004,"maxLat":37.92518803,"minLng":-78.94963753180978,"maxLng":-78.93043946819036}}