{"gridWidth":22,"gridHeight":15,"elevations":[1531,1524,1518,1510,1503,1499,1494,1482,1482,1499,1513,1505,1506,1513,1504,1475,1446,1425,1390,1339,1307,1282,1537,1533,1528,1518,1509,1503,1501,1491,1496,1517,1530,1538,1544,1545,1530,1508,1485,1451,1411,1365,1330,1299,1541,1534,1533,1528,1525,1516,1507,1503,1508,1523,1533,1549,1562,1569,1559,1543,1511,1467,1421,1381,1356,1336,1544,1539,1537,1533,1530,1521,1507,1508,1509,1518,1535,1550,1570,1584,1586,1551,1505,1466,1437,1417,1411,1384,1541,1539,1534,1529,1523,1512,1506,1506,1512,1520,1530,1549,1572,1593,1596,1568,1528,1502,1490,1473,1450,1417,1538,1532,1528,1525,1517,1515,1510,1512,1520,1528,1538,1557,1577,1599,1609,1601,1581,1561,1535,1504,1473,1448,1537,1532,1527,1525,1522,1514,1511,1518,1527,1539,1549,1565,1587,1606,1624,1625,1614,1592,1562,1525,1507,1500,1536,1535,1533,1529,1523,1519,1517,1523,1532,1543,1557,1579,1604,1623,1634,1635,1622,1600,1571,1554,1549,1559,1545,1537,1531,1535,1539,1541,1534,1532,1539,1546,1566,1593,1619,1635,1642,1647,1645,1627,1591,1576,1587,1600,1544,1540,1531,1531,1537,1544,1543,1546,1554,1561,1581,1605,1625,1640,1654,1658,1654,1652,1640,1627,1624,1621,1546,1546,1540,1536,1535,1537,1543,1555,1559,1565,1579,1606,1630,1646,1658,1661,1659,1659,1658,1651,1640,1630,1553,1552,1550,1545,1537,1532,1536,1544,1552,1561,1582,1615,1635,1651,1659,1661,1661,1662,1660,1653,1644,1634,1560,1559,1554,1548,1546,1535,1536,1546,1555,1556,1575,1606,1627,1646,1657,1662,1663,1664,1659,1656,1647,1637,1563,1557,1553,1549,1543,1539,1539,1544,1552,1551,1568,1593,1615,1636,1651,1660,1667,1669,1665,1661,1653,1641,1567,1557,1550,1545,1537,1532,1530,1535,1545,1552,1559,1576,1599,1624,1643,1659,1667,1671,1669,1664,1655,1647],"minElevation":1282,"maxElevation":1671,"usedBounds":{"minLat":45.75189024000001,"maxLat":45.764477360000015,"minLng":-118.05594954191886,"maxLng":-118.03790835808113}}