{"gridWidth":20,"gridHeight":15,"elevations":[248,247,248,251,255,262,267,265,263,261,259,256,256,256,255,255,257,256,253,252,250,247,247,248,246,251,253,255,256,254,261,261,258,258,256,257,258,256,255,255,250,249,248,247,247,247,248,249,250,250,256,259,260,260,258,257,257,256,257,257,247,249,250,251,252,251,253,251,249,248,249,256,260,260,258,257,256,257,256,257,247,249,252,254,255,254,254,253,253,251,248,250,257,258,260,259,257,256,257,258,251,249,250,250,250,249,249,251,255,253,249,247,251,256,258,258,255,255,257,258,251,248,248,248,249,248,251,251,252,252,251,251,248,252,253,257,257,254,253,255,250,246,245,247,249,250,251,251,251,250,251,253,250,248,251,256,260,257,254,256,249,247,247,247,248,252,252,252,253,254,251,249,250,249,252,254,257,258,255,255,250,248,247,248,247,250,251,253,252,253,251,251,253,256,254,256,257,257,258,257,250,249,247,247,246,248,250,253,251,251,252,255,257,258,257,256,259,260,259,260,253,249,247,245,244,245,250,253,252,252,252,257,265,262,260,257,255,258,260,261,257,255,249,245,246,247,247,250,249,249,251,253,260,264,259,253,252,256,259,259,253,254,250,246,247,247,246,247,246,248,250,250,252,259,260,258,252,253,259,258,252,256,252,247,246,246,246,247,248,249,251,251,250,251,252,253,253,257,261,258],"minElevation":244,"maxElevation":267,"usedBounds":{"minLat":44.14598215002349,"maxLat":44.15818874997651,"minLng":-88.06444852,"maxLng":-88.04743567999999}}