{"gridWidth":33,"gridHeight":17,"elevations":[269,262,254,249,246,243,245,248,246,240,234,232,233,233,232,226,217,213,204,196,191,186,180,174,170,168,166,159,146,140,136,127,117,273,269,260,249,248,252,256,260,261,254,245,239,237,232,228,223,217,210,200,192,188,183,176,171,169,164,160,156,149,143,136,127,116,273,270,263,254,252,254,253,251,250,248,243,237,233,225,218,211,205,201,194,187,182,177,172,168,165,159,153,148,144,139,135,127,115,271,269,265,259,256,251,242,235,232,228,225,223,221,216,207,198,192,189,188,183,178,174,170,165,159,152,146,142,137,133,131,129,121,271,271,274,276,276,272,266,260,253,247,242,236,228,219,208,201,197,190,187,184,179,172,162,156,154,148,144,142,135,129,126,124,117,276,280,286,289,290,287,283,282,276,269,265,259,247,233,218,209,201,195,190,185,182,174,161,150,144,138,134,132,129,119,113,113,106,280,286,295,303,301,296,289,288,283,270,262,257,247,235,225,214,208,205,199,193,190,184,171,156,147,138,130,126,126,118,108,103,100,279,286,302,311,312,306,295,287,278,268,259,252,247,240,236,230,224,216,206,199,192,185,176,166,156,146,134,123,115,107,102,99,98,278,289,303,310,306,297,288,278,271,268,266,262,259,253,246,239,233,225,214,202,190,179,170,164,155,143,128,114,105,100,98,96,95,275,287,299,303,303,300,293,282,272,270,270,266,261,256,251,245,235,224,210,197,186,178,173,166,156,144,130,118,107,102,101,105,104,276,284,291,293,294,294,286,272,263,262,263,262,257,252,245,239,236,228,214,202,190,181,172,164,157,147,134,122,114,110,114,118,110,271,279,282,283,283,282,274,260,251,248,248,249,244,238,236,241,241,233,216,200,188,177,168,159,152,147,140,132,126,120,118,115,109,260,266,272,274,272,266,255,244,237,234,232,232,229,229,238,242,236,223,206,188,175,165,158,152,147,143,140,138,136,130,123,116,110,251,256,260,260,258,253,245,238,232,227,226,226,225,227,231,231,223,211,195,181,173,168,162,156,152,149,148,148,145,137,126,115,106,248,249,250,248,244,239,235,231,226,222,222,222,219,217,219,220,213,202,193,187,182,178,173,167,164,163,160,157,152,147,137,121,106,240,238,235,231,227,225,223,221,218,215,214,214,212,211,214,213,205,197,192,187,184,183,183,182,180,177,172,166,159,154,148,137,120,234,231,226,220,215,213,213,212,209,208,206,204,203,200,199,199,197,195,194,194,193,191,187,181,175,172,168,162,161,161,156,146,136],"minElevation":95,"maxElevation":312,"usedBounds":{"minLat":59.81924127554372,"maxLat":59.8330725244563,"minLng":12.231351144999998,"maxLng":12.258869155000006}}