{"gridWidth":14,"gridHeight":10,"elevations":[309,308,310,309,307,305,302,306,309,309,306,305,305,303,312,311,313,309,306,305,307,309,311,309,307,307,306,305,337,331,327,320,316,312,310,311,313,314,315,314,312,311,366,360,350,337,327,318,319,316,315,315,320,323,321,318,382,377,371,363,354,347,343,338,336,327,324,327,328,327,392,389,387,382,375,366,360,358,357,351,346,344,338,331,394,394,391,391,388,383,376,373,366,364,363,360,357,349,391,395,396,396,397,393,389,384,378,378,376,369,364,363,389,390,393,397,397,397,395,393,392,387,387,384,379,376,386,385,384,388,391,393,397,398,398,396,397,396,394,391],"minElevation":302,"maxElevation":398,"usedBounds":{"minLat":45.787119225,"maxLat":45.79545547500001,"minLng":-87.87345209237117,"maxLng":-87.86149660762885}}