{"gridWidth":18,"gridHeight":15,"elevations":[2071,2088,2094,2112,2132,2152,2148,2127,2109,2106,2091,2081,2076,2069,2087,2114,2136,2139,2063,2083,2093,2107,2130,2153,2172,2155,2145,2141,2124,2107,2095,2085,2091,2106,2116,2109,2094,2115,2122,2132,2160,2190,2206,2202,2198,2187,2167,2137,2115,2111,2118,2132,2127,2106,2141,2163,2158,2162,2195,2230,2252,2256,2248,2227,2196,2169,2146,2144,2159,2170,2165,2143,2169,2200,2198,2192,2224,2267,2289,2292,2278,2253,2228,2201,2190,2188,2202,2215,2198,2165,2207,2235,2244,2233,2258,2296,2323,2322,2311,2296,2267,2240,2231,2236,2253,2251,2223,2190,2243,2274,2290,2285,2292,2321,2349,2352,2342,2326,2305,2290,2287,2289,2290,2271,2242,2206,2260,2300,2337,2335,2335,2358,2379,2374,2369,2358,2342,2329,2327,2312,2293,2266,2239,2214,2282,2322,2367,2381,2384,2385,2380,2375,2373,2364,2351,2335,2321,2299,2271,2249,2222,2202,2313,2356,2388,2411,2406,2399,2381,2369,2359,2351,2340,2319,2297,2276,2254,2233,2204,2180,2342,2390,2414,2417,2413,2399,2385,2373,2355,2343,2331,2315,2294,2265,2236,2213,2186,2162,2365,2407,2425,2427,2420,2412,2399,2382,2368,2353,2333,2317,2297,2272,2243,2211,2182,2158,2391,2427,2438,2439,2434,2426,2417,2405,2395,2381,2364,2354,2334,2301,2267,2231,2194,2176,2427,2442,2440,2443,2433,2427,2418,2406,2407,2407,2395,2380,2364,2334,2291,2247,2214,2212,2429,2433,2427,2420,2412,2412,2406,2397,2397,2398,2387,2379,2365,2334,2298,2272,2262,2256],"minElevation":2063,"maxElevation":2443,"usedBounds":{"minLat":34.339345955,"maxLat":34.35199274499999,"minLng":-117.93929794770226,"maxLng":-117.92398055229772}}