{"gridWidth":23,"gridHeight":17,"elevations":[564,564,562,557,554,550,545,535,522,509,494,480,466,446,431,420,408,392,378,366,361,359,358,564,563,562,557,553,548,543,534,521,509,495,482,467,453,434,419,408,396,380,369,362,358,357,563,563,561,555,549,548,544,533,523,513,499,485,471,457,442,427,415,400,382,368,363,358,356,558,563,563,560,550,545,539,529,517,506,496,484,468,456,442,428,414,400,386,368,361,357,354,551,562,564,563,557,547,537,529,520,506,496,486,473,462,445,426,413,399,386,370,361,358,355,546,556,561,562,558,554,545,530,522,510,495,489,480,467,450,430,415,401,385,370,361,358,356,545,549,555,561,562,559,550,535,527,517,502,491,482,471,457,442,419,403,385,372,364,359,356,534,543,551,558,561,558,545,533,524,514,504,500,487,474,460,443,421,405,389,374,364,358,357,525,538,547,553,557,551,539,527,518,510,506,505,497,481,469,451,428,409,395,380,362,357,354,521,533,541,548,551,547,538,528,518,513,511,507,500,491,475,455,432,414,401,387,367,356,355,511,526,541,549,552,548,540,534,527,524,521,517,515,508,491,467,446,425,407,392,371,357,355,497,515,535,546,551,552,550,549,544,542,539,535,529,519,507,479,453,432,412,395,376,359,354,493,510,527,539,547,553,559,562,563,559,554,547,534,526,512,487,459,437,414,401,380,361,354,491,510,524,534,541,548,559,565,567,564,564,553,536,526,511,486,458,438,417,401,383,364,354,482,504,514,524,531,542,557,565,569,567,560,549,531,520,504,485,465,444,425,405,385,365,355,476,496,508,518,525,535,555,567,572,569,563,550,532,519,503,486,466,450,430,407,386,366,357,476,488,506,516,525,534,553,565,570,569,561,547,532,516,504,486,468,454,436,411,389,373,358],"minElevation":354,"maxElevation":572,"usedBounds":{"minLat":42.73216484,"maxLat":42.74634056,"minLng":-76.04644012077716,"maxLng":-76.02713897922285}}