{"gridWidth":22,"gridHeight":17,"elevations":[37,33,34,34,31,31,31,31,29,28,25,26,26,25,23,22,20,19,20,21,23,22,37,34,34,38,39,38,39,36,31,27,26,27,25,25,24,25,23,19,21,22,17,18,44,42,40,41,45,45,44,41,36,29,25,28,27,27,27,28,23,23,22,19,16,15,52,50,47,39,40,46,45,39,32,29,29,30,29,29,26,23,21,21,20,17,13,19,63,58,53,44,45,48,46,39,26,26,25,26,25,22,20,19,19,18,16,15,15,19,69,63,53,50,48,43,36,32,23,21,21,20,19,20,19,15,17,18,16,19,19,19,62,60,54,50,40,34,25,23,18,16,15,12,14,14,16,19,22,23,22,22,21,21,53,52,55,47,37,30,19,16,17,18,12,15,15,16,22,27,22,20,19,20,20,20,53,51,48,40,32,27,20,18,18,17,12,12,13,17,26,26,22,20,22,22,21,23,56,47,41,33,28,23,20,17,16,15,15,15,14,19,21,20,22,23,22,22,23,23,57,45,36,32,25,20,17,16,17,17,14,12,18,20,22,22,22,22,22,22,25,24,59,51,48,37,28,20,16,16,16,17,16,22,25,23,23,22,22,22,19,22,25,27,59,58,50,37,26,19,16,14,17,19,20,25,25,22,22,23,24,23,22,21,27,34,59,56,51,39,32,27,19,18,19,19,21,23,22,23,22,20,21,23,23,24,28,34,57,58,56,48,35,29,26,20,16,15,14,17,17,18,19,20,18,21,22,25,27,33,57,58,56,48,35,30,28,25,19,17,18,22,21,21,18,18,18,21,19,20,25,28,57,58,58,50,37,33,27,26,22,19,17,18,19,20,23,21,22,22,20,18,19,24],"minElevation":12,"maxElevation":69,"usedBounds":{"minLat":42.32549434499998,"maxLat":42.339318155,"minLng":-71.27538633430669,"maxLng":-71.25668656569331}}