{"gridWidth":17,"gridHeight":12,"elevations":[549,545,543,542,542,542,542,542,547,553,554,555,554,553,549,548,548,542,543,544,543,544,544,547,549,555,557,556,554,554,553,550,550,554,548,547,549,551,549,547,552,554,553,557,556,560,562,559,561,566,575,554,553,553,555,552,552,557,558,563,567,570,579,585,587,586,590,590,556,555,555,556,557,557,559,569,581,584,588,597,605,608,605,607,606,556,555,556,558,568,571,582,594,608,618,611,610,616,620,624,626,623,562,569,567,574,585,591,610,626,640,643,629,625,632,636,640,639,640,573,582,588,593,601,612,636,657,672,672,657,647,651,650,646,645,645,578,592,599,600,608,632,658,682,693,694,680,663,656,651,649,647,646,584,595,599,599,616,641,663,684,697,705,692,667,654,649,644,643,645,594,600,600,603,624,646,666,679,697,707,691,666,654,649,644,644,650,605,600,597,608,633,658,673,683,696,698,676,654,647,647,646,648,652],"minElevation":542,"maxElevation":707,"usedBounds":{"minLat":43.6907060049926,"maxLat":43.70098189500745,"minLng":-74.96859680500003,"maxLng":-74.95438429500004}}