{"gridWidth":23,"gridHeight":16,"elevations":[370,371,372,374,378,382,386,384,382,377,372,371,370,371,378,383,386,388,387,383,375,370,365,368,368,369,369,371,372,378,379,381,379,375,369,364,364,366,369,372,375,375,374,367,362,359,364,364,365,366,366,366,366,367,369,371,373,367,362,361,364,366,366,364,365,362,358,356,357,366,364,364,363,363,362,363,364,364,366,366,365,366,367,369,374,378,373,370,364,358,353,355,373,371,369,368,369,369,368,369,369,373,377,377,377,376,379,376,375,371,368,365,356,350,353,377,376,376,378,380,382,378,373,371,372,373,375,379,382,384,387,389,386,381,369,357,349,350,374,375,378,386,383,378,373,370,369,372,372,373,378,389,396,401,399,390,379,366,350,343,344,364,364,369,377,375,370,366,364,364,367,367,371,374,384,393,403,397,382,372,364,352,343,341,360,360,360,363,362,360,361,359,360,360,362,371,374,382,391,395,388,373,361,355,347,343,345,358,358,358,358,358,359,360,360,362,364,367,374,376,381,386,389,380,363,355,347,342,340,341,355,356,355,355,357,358,360,365,371,374,378,381,384,384,385,385,375,358,346,343,340,341,341,355,357,357,357,357,361,364,368,372,379,385,390,394,393,389,383,371,355,348,348,345,344,341,358,360,363,362,359,359,360,363,369,376,383,387,386,385,380,373,361,354,349,348,346,345,343,369,372,371,367,365,362,360,362,364,369,373,374,371,371,366,361,356,355,353,348,342,341,339,374,374,373,370,366,364,364,363,362,363,365,363,360,359,358,355,356,355,354,355,352,344,338,374,372,371,370,366,367,368,368,363,358,357,356,357,355,354,352,353,355,354,355,354,350,340],"minElevation":338,"maxElevation":403,"usedBounds":{"minLat":46.82650284500002,"maxLat":46.839780655,"minLng":-92.09314622331665,"maxLng":-92.0737377766833}}