{"gridWidth":25,"gridHeight":17,"elevations":[1448,1447,1443,1436,1420,1402,1384,1367,1354,1344,1339,1335,1331,1326,1309,1300,1291,1287,1284,1284,1293,1305,1315,1316,1310,1426,1428,1426,1418,1405,1389,1375,1359,1341,1328,1320,1318,1313,1303,1292,1283,1276,1273,1270,1278,1294,1304,1310,1308,1302,1413,1414,1407,1400,1389,1375,1359,1344,1326,1316,1306,1301,1294,1287,1282,1277,1272,1267,1266,1268,1271,1276,1286,1292,1293,1400,1399,1398,1396,1386,1372,1359,1349,1338,1327,1312,1302,1294,1283,1276,1269,1266,1264,1263,1259,1257,1256,1262,1270,1276,1383,1392,1399,1404,1403,1396,1380,1362,1354,1344,1328,1317,1308,1296,1287,1277,1268,1265,1263,1258,1254,1251,1252,1255,1261,1383,1394,1406,1415,1418,1417,1412,1400,1387,1372,1358,1341,1329,1313,1297,1284,1277,1270,1262,1255,1248,1245,1250,1252,1250,1402,1412,1423,1434,1444,1445,1444,1434,1419,1407,1392,1373,1352,1331,1319,1305,1294,1278,1262,1252,1248,1243,1243,1247,1247,1430,1438,1446,1457,1472,1478,1482,1469,1451,1433,1414,1394,1370,1352,1335,1319,1302,1284,1270,1262,1251,1241,1238,1239,1242,1463,1466,1473,1481,1495,1503,1506,1496,1480,1461,1437,1414,1391,1370,1351,1333,1319,1301,1288,1276,1263,1254,1245,1238,1237,1500,1500,1500,1506,1519,1527,1525,1521,1507,1483,1457,1431,1408,1391,1372,1356,1337,1322,1306,1294,1289,1278,1265,1264,1263,1537,1536,1535,1540,1546,1553,1553,1544,1521,1503,1484,1461,1438,1420,1401,1380,1363,1350,1335,1320,1309,1301,1298,1295,1287,1567,1576,1579,1580,1582,1581,1581,1571,1552,1531,1513,1494,1476,1455,1430,1408,1394,1382,1367,1353,1341,1332,1322,1308,1289,1599,1613,1615,1615,1615,1608,1598,1588,1569,1556,1541,1522,1498,1474,1455,1439,1423,1406,1390,1376,1358,1343,1322,1303,1282,1616,1628,1633,1634,1624,1606,1593,1583,1570,1558,1547,1533,1516,1501,1482,1463,1447,1428,1406,1385,1364,1342,1320,1307,1288,1603,1615,1625,1621,1601,1579,1561,1546,1540,1538,1533,1527,1519,1509,1492,1474,1453,1433,1407,1379,1357,1330,1309,1300,1283,1564,1579,1592,1586,1569,1543,1518,1500,1492,1491,1496,1497,1492,1488,1479,1458,1441,1419,1389,1359,1335,1313,1297,1283,1267,1517,1527,1544,1544,1531,1510,1486,1462,1446,1443,1454,1460,1456,1454,1450,1434,1416,1398,1373,1341,1315,1290,1271,1258,1246],"minElevation":1237,"maxElevation":1634,"usedBounds":{"minLat":48.384881754679846,"maxLat":48.398822945320155,"minLng":-119.92930307,"maxLng":-119.90830833000001}}