{"gridWidth":18,"gridHeight":14,"elevations":[197,198,204,209,217,225,238,248,250,254,251,237,222,210,211,221,226,228,202,203,207,211,223,234,241,247,250,246,240,226,212,208,212,218,221,218,214,219,221,228,240,253,254,257,255,247,234,219,208,206,207,209,210,210,232,239,245,254,263,273,279,284,271,253,236,222,216,209,207,207,205,208,250,263,271,271,275,286,295,298,281,258,240,229,222,212,207,207,208,212,270,284,284,282,290,299,302,293,276,258,247,235,227,215,210,214,218,222,281,290,289,288,298,306,307,294,281,271,256,242,229,219,218,226,232,234,297,297,292,292,301,307,309,313,306,291,269,248,235,229,235,247,253,254,304,299,294,294,300,308,314,321,316,295,270,254,244,244,256,271,281,284,307,304,299,298,307,318,326,325,311,292,278,268,261,263,278,292,302,307,307,305,304,306,314,326,331,326,313,299,289,280,274,282,296,307,314,320,295,301,309,314,325,337,338,329,317,307,296,287,287,303,314,319,321,323,291,301,313,327,340,345,342,333,320,307,293,290,299,309,318,323,328,334,299,307,319,338,348,352,344,331,313,302,292,295,305,313,318,325,329,330],"minElevation":197,"maxElevation":352,"usedBounds":{"minLat":40.469096459999996,"maxLat":40.48051254000003,"minLng":-75.63730300168623,"maxLng":-75.62229549831375}}