{"gridWidth":15,"gridHeight":11,"elevations":[1726,1723,1723,1729,1742,1756,1761,1765,1768,1763,1756,1767,1787,1803,1824,1742,1741,1738,1737,1737,1739,1740,1743,1748,1745,1747,1754,1770,1786,1802,1755,1756,1757,1756,1757,1761,1763,1765,1759,1751,1749,1752,1757,1773,1787,1768,1775,1779,1783,1783,1785,1794,1796,1783,1771,1763,1761,1760,1769,1786,1789,1795,1801,1809,1810,1824,1837,1826,1808,1798,1792,1789,1782,1775,1790,1812,1816,1823,1833,1846,1864,1861,1843,1825,1821,1814,1803,1792,1785,1790,1840,1853,1861,1866,1882,1890,1877,1861,1850,1840,1821,1804,1797,1791,1785,1880,1898,1910,1910,1916,1917,1906,1890,1871,1846,1828,1814,1800,1790,1780,1909,1939,1951,1947,1940,1936,1923,1898,1871,1855,1843,1824,1808,1794,1778,1923,1950,1967,1967,1957,1937,1922,1912,1899,1878,1860,1847,1825,1803,1782,1916,1939,1956,1974,1968,1950,1946,1941,1927,1902,1879,1857,1831,1814,1797],"minElevation":1723,"maxElevation":1974,"usedBounds":{"minLat":42.228733704999996,"maxLat":42.23800959500004,"minLng":-120.30355789530772,"maxLng":-120.29102990469222}}