{"gridWidth":13,"gridHeight":9,"elevations":[330,330,331,329,330,330,330,331,328,322,322,318,315,313,316,318,327,327,323,323,324,323,319,317,314,310,288,291,303,321,313,300,306,312,314,315,314,309,300,266,275,292,301,289,278,284,289,291,300,302,296,288,250,266,274,272,262,254,254,256,261,269,278,274,269,237,243,247,245,239,235,232,231,234,241,248,244,243,220,224,237,234,222,220,216,218,219,224,226,218,217,209,216,221,216,210,208,204,209,207,211,215,205,203,200,202,202,201,198,195,196,197,196,198,202,196,193],"minElevation":193,"maxElevation":331,"usedBounds":{"minLat":47.126577170000004,"maxLat":47.13396663000002,"minLng":-88.56479166109234,"maxLng":-88.55393013890766}}