{"gridWidth":14,"gridHeight":12,"elevations":[1443,1426,1419,1418,1410,1404,1387,1371,1375,1371,1354,1327,1294,1264,1465,1432,1413,1401,1391,1385,1374,1370,1367,1354,1335,1310,1287,1268,1474,1444,1426,1414,1401,1387,1382,1373,1363,1345,1327,1311,1307,1290,1492,1467,1442,1422,1409,1397,1400,1400,1387,1359,1339,1328,1315,1304,1488,1468,1441,1425,1413,1407,1426,1426,1412,1399,1377,1364,1339,1331,1478,1469,1452,1433,1419,1415,1425,1434,1436,1437,1431,1414,1387,1372,1469,1467,1449,1433,1424,1424,1430,1439,1455,1466,1467,1443,1413,1401,1456,1457,1452,1441,1433,1429,1448,1465,1476,1486,1491,1468,1449,1424,1443,1453,1454,1460,1455,1450,1462,1484,1501,1514,1522,1506,1480,1450,1443,1457,1462,1469,1472,1470,1487,1508,1527,1546,1553,1539,1509,1478,1444,1452,1448,1462,1480,1492,1509,1533,1552,1570,1581,1574,1541,1516,1418,1426,1428,1454,1481,1501,1517,1531,1547,1561,1580,1589,1575,1565],"minElevation":1264,"maxElevation":1589,"usedBounds":{"minLat":35.55379766499999,"maxLat":35.563486435000016,"minLng":-83.09559418893109,"maxLng":-83.08368451106891}}