{"gridWidth":17,"gridHeight":12,"elevations":[597,601,601,601,595,600,601,600,600,601,601,605,613,620,627,634,646,601,605,606,607,605,605,606,608,610,612,617,625,636,646,651,659,662,611,616,618,618,623,622,624,623,632,643,653,658,666,669,672,676,685,625,631,637,638,642,643,645,649,654,665,670,675,679,679,683,693,708,638,641,647,650,655,662,668,673,675,684,687,690,690,694,702,716,730,644,650,660,663,668,678,686,688,692,700,703,705,709,713,719,735,753,652,658,668,673,685,697,702,707,710,716,721,722,723,727,734,747,764,661,671,684,693,705,719,721,724,726,729,734,737,740,748,754,758,754,673,688,702,713,732,747,752,756,756,755,761,764,768,770,764,750,734,691,706,717,737,759,774,788,795,794,791,795,800,796,784,762,739,721,702,714,731,756,779,799,811,817,816,816,822,823,809,786,763,741,715,707,720,735,758,774,788,797,804,808,821,829,827,814,795,770,747,725],"minElevation":595,"maxElevation":829,"usedBounds":{"minLat":42.42247257,"maxLat":42.43283383000001,"minLng":-74.60230718932081,"maxLng":-74.58827001067917}}