{"gridWidth":8,"gridHeight":6,"elevations":[231,236,239,240,244,254,268,280,238,242,242,243,252,263,279,291,244,244,245,250,260,272,285,304,245,243,249,256,268,282,296,311,261,266,268,274,281,292,303,316,272,279,287,295,306,313,319,328],"minElevation":231,"maxElevation":328,"usedBounds":{"minLat":41.243877215,"maxLat":41.24912908500002,"minLng":-74.29667224193483,"maxLng":-74.28968725806519}}