{"gridWidth":10,"gridHeight":7,"elevations":[342,343,343,344,345,345,349,349,346,343,342,340,339,340,344,344,346,347,341,341,334,331,333,336,341,346,348,344,340,339,329,329,333,340,352,363,361,351,345,340,333,336,342,351,365,366,354,343,338,336,337,345,345,352,355,353,343,335,333,331,331,334,334,339,337,336,335,333,333,334],"minElevation":329,"maxElevation":366,"usedBounds":{"minLat":43.33402432832523,"maxLat":43.340195971674774,"minLng":-88.28110578000005,"maxLng":-88.27262041999998}}