{"gridWidth":11,"gridHeight":8,"elevations":[308,308,309,303,298,298,299,298,299,299,296,320,317,312,306,301,300,299,297,299,297,297,326,324,319,310,304,302,305,304,304,302,299,327,330,329,324,314,309,308,306,307,304,301,329,338,336,332,326,324,318,308,305,303,302,334,345,349,347,339,329,319,311,303,299,301,334,350,365,357,344,334,329,323,310,305,307,326,336,354,358,345,333,322,315,314,318,317],"minElevation":296,"maxElevation":365,"usedBounds":{"minLat":42.825745745000006,"maxLat":42.832468954999996,"minLng":-83.56942238637255,"maxLng":-83.56025501362738}}