{"gridWidth":13,"gridHeight":10,"elevations":[577,575,573,571,569,569,567,565,555,552,550,550,554,575,572,570,568,564,561,557,554,548,544,544,543,543,575,573,567,566,565,564,558,555,550,545,543,543,543,582,576,572,572,572,570,564,559,554,549,548,543,543,593,586,586,583,587,586,582,577,571,562,557,550,545,604,599,601,600,600,600,597,593,587,583,575,566,560,621,617,617,616,619,620,618,614,609,602,595,586,580,645,646,646,646,646,641,638,634,630,627,621,613,608,659,661,662,663,660,659,659,655,649,641,635,630,626,664,667,668,668,667,664,664,663,660,654,647,638,635],"minElevation":543,"maxElevation":668,"usedBounds":{"minLat":41.04329742855214,"maxLat":41.05156557144787,"minLng":-75.60702519499992,"maxLng":-75.59606190500006}}