{"gridWidth":14,"gridHeight":11,"elevations":[2057,2057,2058,2059,2057,2057,2053,2053,2056,2062,2067,2075,2081,2083,2073,2073,2074,2076,2076,2073,2065,2058,2056,2055,2058,2063,2070,2070,2086,2087,2083,2082,2083,2080,2076,2072,2065,2060,2060,2058,2061,2065,2099,2097,2095,2094,2092,2084,2080,2078,2071,2067,2067,2065,2063,2064,2117,2116,2115,2111,2102,2095,2092,2096,2084,2082,2085,2076,2069,2065,2144,2142,2133,2118,2115,2113,2107,2103,2096,2095,2089,2081,2076,2072,2173,2161,2146,2143,2143,2134,2123,2113,2110,2106,2098,2092,2089,2083,2202,2187,2174,2167,2158,2151,2140,2128,2124,2119,2110,2103,2095,2085,2219,2210,2203,2195,2184,2175,2164,2155,2147,2131,2121,2112,2099,2088,2221,2229,2227,2223,2215,2206,2194,2186,2177,2158,2138,2121,2113,2102,2199,2213,2216,2224,2219,2215,2213,2209,2195,2173,2142,2120,2106,2094],"minElevation":2053,"maxElevation":2229,"usedBounds":{"minLat":39.31449262396655,"maxLat":39.323772176033465,"minLng":-120.39017241999991,"maxLng":-120.37817758000003}}