{"gridWidth":8,"gridHeight":6,"elevations":[268,258,269,282,295,302,303,300,260,257,262,273,282,287,285,284,253,257,257,263,265,269,268,276,257,262,264,272,271,268,275,279,265,276,285,292,290,292,294,294,257,274,294,310,316,317,317,317],"minElevation":253,"maxElevation":317,"usedBounds":{"minLat":39.46301998000001,"maxLat":39.46792462000002,"minLng":-94.97272974838899,"maxLng":-94.96637665161103}}