{"gridWidth":17,"gridHeight":12,"elevations":[477,474,472,470,471,471,472,473,474,473,473,474,475,479,488,500,508,473,470,469,470,470,470,472,473,473,472,471,473,476,482,496,506,513,469,467,471,475,473,474,478,480,479,480,475,475,482,494,505,512,516,475,484,491,490,488,490,495,498,490,487,479,476,482,489,495,502,510,492,498,498,505,506,507,512,513,508,496,484,479,478,482,482,482,488,511,516,515,516,522,528,528,527,522,516,503,489,478,477,475,472,473,519,524,525,529,537,541,545,547,542,537,526,507,489,476,471,470,470,520,524,531,536,543,551,558,558,551,546,535,516,498,481,472,469,467,522,526,532,539,545,549,555,556,551,545,537,523,506,488,476,471,468,522,524,530,533,538,542,547,549,542,533,526,515,505,492,483,474,470,520,519,520,524,530,533,535,534,526,523,518,512,503,495,487,478,471,517,515,517,519,521,526,528,524,519,515,511,504,499,492,486,479,477],"minElevation":467,"maxElevation":558,"usedBounds":{"minLat":46.023434905,"maxLat":46.03312939500002,"minLng":-88.71255030269374,"maxLng":-88.6985873973063}}