{"gridWidth":26,"gridHeight":19,"elevations":[388,380,367,346,327,307,288,272,253,237,217,200,185,177,163,161,156,151,147,148,146,146,148,144,140,140,409,402,388,366,340,313,287,260,241,232,221,204,189,178,166,160,152,147,144,144,144,144,147,146,142,140,424,424,407,386,364,338,309,281,259,240,228,208,194,182,169,159,153,150,146,143,140,137,140,141,140,137,443,441,427,403,378,351,327,304,278,256,240,222,207,192,176,164,155,147,144,140,136,132,134,135,138,139,448,445,434,409,383,356,333,312,288,269,250,232,217,199,184,172,158,147,143,142,137,134,129,130,133,133,433,428,423,406,385,363,340,317,296,272,257,241,223,209,193,179,159,147,145,145,139,136,133,130,131,135,424,427,420,409,396,369,346,327,306,286,270,253,230,215,195,183,169,155,151,149,142,138,136,136,133,136,432,432,425,420,401,382,356,338,318,298,277,258,239,221,205,192,179,169,161,152,147,142,140,136,133,131,436,439,436,427,411,393,363,341,319,302,287,269,252,233,217,205,192,178,165,156,145,143,136,132,130,130,435,439,437,431,414,392,371,352,334,322,301,284,271,257,230,215,202,194,179,159,149,145,135,130,131,131,426,434,437,429,416,402,384,370,356,335,312,295,278,262,249,235,217,202,191,171,158,148,138,133,130,126,425,434,439,435,424,404,390,380,367,348,327,306,291,283,270,251,227,210,194,179,160,146,135,135,137,130,423,430,432,428,425,412,399,384,365,354,337,318,307,299,280,261,239,214,199,183,165,146,132,130,128,127,419,425,426,424,428,429,422,403,379,360,353,342,330,314,293,271,250,223,200,182,164,147,133,129,128,127,420,425,425,425,431,437,435,427,407,392,373,351,334,319,301,287,263,227,204,193,171,152,139,130,130,129,423,424,423,424,426,436,438,436,430,419,398,371,348,331,309,288,267,246,227,207,187,166,150,142,136,138,419,418,419,419,422,427,433,437,438,428,410,392,367,343,314,290,274,257,237,215,193,175,161,147,141,140,407,415,419,414,416,422,432,436,441,437,421,399,383,356,326,300,277,256,234,217,197,179,164,153,140,139,404,407,412,411,412,424,438,443,444,441,432,412,392,366,340,306,280,255,232,213,194,173,162,154,145,139],"minElevation":126,"maxElevation":448,"usedBounds":{"minLat":43.28100393430515,"maxLat":43.29664506569489,"minLng":-73.74539976500006,"maxLng":-73.72391193499993}}