{"gridWidth":19,"gridHeight":15,"elevations":[178,180,180,182,189,192,194,195,196,199,210,217,221,222,218,209,205,203,201,179,180,180,183,189,193,195,195,197,200,207,217,217,217,214,208,204,201,200,182,182,180,180,186,189,196,199,202,205,209,211,214,212,208,204,204,205,208,185,184,183,184,188,194,199,203,207,211,213,213,215,212,208,204,205,212,217,179,179,181,185,194,198,207,214,220,225,222,219,219,216,213,209,210,213,216,176,176,179,188,196,209,217,228,237,240,242,242,243,240,228,218,221,225,229,176,177,185,191,202,216,229,242,250,254,263,272,272,262,248,241,237,240,234,175,177,186,197,209,216,230,249,265,277,287,296,300,279,259,251,241,234,225,172,178,188,200,219,229,244,260,285,303,318,317,309,290,269,255,243,227,218,177,184,196,210,227,244,260,279,301,330,337,326,306,286,261,243,229,217,208,179,188,200,220,237,254,275,296,320,344,342,327,301,281,260,240,217,208,202,177,193,212,230,247,267,291,312,339,352,340,316,295,271,254,233,213,202,204,182,195,218,233,252,274,303,326,345,348,328,306,282,265,242,222,209,204,205,181,191,216,235,255,279,308,333,345,335,320,296,275,252,230,213,207,203,200,175,190,211,233,252,279,306,326,330,321,306,283,260,234,216,206,201,198,199],"minElevation":172,"maxElevation":352,"usedBounds":{"minLat":39.75320957771353,"maxLat":39.765592722286506,"minLng":-77.37671636499998,"maxLng":-77.360607935}}