{"gridWidth":22,"gridHeight":16,"elevations":[364,364,363,362,356,347,336,329,328,331,331,334,335,329,326,336,346,347,329,313,311,310,368,376,376,374,370,361,351,341,331,328,324,320,323,322,319,321,328,334,330,316,311,312,368,378,384,385,382,375,363,357,344,335,324,319,320,317,317,314,315,319,321,317,313,314,367,375,382,387,384,378,371,367,357,349,340,332,322,317,317,314,313,317,319,326,330,334,369,374,381,384,384,388,385,378,369,364,357,349,338,327,325,324,333,335,338,339,343,345,370,374,384,390,391,394,390,384,377,371,364,360,354,346,344,343,352,360,363,363,364,362,369,380,389,394,397,397,392,388,382,374,371,366,363,367,367,368,376,382,381,383,383,378,367,378,390,403,410,409,408,405,397,389,386,383,378,388,390,394,397,401,407,406,400,394,373,385,395,409,417,422,426,424,417,411,409,406,408,417,416,425,426,426,428,426,417,403,379,389,399,405,417,424,433,442,440,437,439,435,437,449,448,451,452,445,441,435,427,414,380,388,390,398,415,429,447,456,464,469,472,474,472,476,473,470,464,456,451,445,432,422,379,383,391,404,422,442,459,478,492,507,507,508,508,505,493,483,475,469,465,455,445,439,373,378,395,415,438,460,476,495,521,540,546,543,542,530,512,495,485,478,468,465,461,456,369,380,402,422,441,460,489,515,539,556,574,576,569,553,535,516,502,494,489,484,477,470,369,384,399,415,436,459,485,506,529,552,571,582,584,574,560,539,527,523,525,523,513,499,374,382,395,410,428,448,468,490,515,535,555,572,583,581,570,553,545,543,546,546,538,522],"minElevation":310,"maxElevation":584,"usedBounds":{"minLat":43.00097071000003,"maxLat":43.01435368999999,"minLng":-71.88815279924744,"maxLng":-71.86985160075257}}