{"gridWidth":17,"gridHeight":13,"elevations":[494,483,457,439,440,448,459,465,463,461,463,462,459,456,452,442,439,474,463,451,453,457,462,466,469,466,462,461,460,455,451,447,442,444,460,463,469,476,480,475,472,473,472,466,464,460,456,452,449,442,446,483,489,494,494,491,485,484,483,482,480,477,472,471,467,457,446,446,506,507,510,509,505,506,504,498,498,497,498,497,491,483,468,457,452,516,518,523,521,522,524,519,517,516,518,517,516,511,504,484,474,468,527,533,537,534,539,543,539,540,538,535,534,531,530,524,507,489,481,545,549,555,552,555,557,558,559,558,558,558,556,555,549,532,516,501,554,559,563,562,561,563,567,571,573,572,571,574,575,567,557,552,531,561,566,568,571,572,574,579,579,580,582,581,582,587,584,575,570,563,565,570,571,575,577,579,581,582,584,585,586,585,586,592,591,586,584,569,572,573,576,580,582,580,580,581,582,584,585,590,598,603,601,600,573,575,577,577,578,577,575,576,579,581,584,587,591,596,599,602,609],"minElevation":439,"maxElevation":609,"usedBounds":{"minLat":41.10529612860137,"maxLat":41.11607797139865,"minLng":-75.65878737,"maxLng":-75.64447723000004}}