{"gridWidth":16,"gridHeight":10,"elevations":[1620,1610,1601,1592,1582,1571,1561,1555,1553,1563,1570,1575,1578,1581,1583,1575,1601,1595,1591,1591,1595,1595,1587,1571,1551,1542,1542,1546,1551,1557,1558,1553,1624,1629,1630,1635,1641,1636,1614,1589,1573,1557,1538,1534,1533,1529,1530,1530,1662,1673,1680,1683,1681,1665,1633,1606,1585,1571,1556,1549,1542,1525,1516,1513,1709,1722,1731,1726,1711,1688,1650,1622,1599,1585,1570,1557,1545,1533,1527,1528,1746,1755,1760,1745,1717,1691,1662,1633,1609,1592,1578,1561,1549,1545,1551,1551,1750,1758,1764,1747,1712,1688,1662,1631,1609,1591,1579,1570,1562,1559,1554,1547,1718,1723,1729,1723,1699,1675,1651,1626,1610,1600,1589,1577,1567,1558,1547,1539,1696,1686,1693,1697,1674,1654,1637,1623,1607,1599,1586,1575,1562,1554,1546,1535,1689,1667,1658,1660,1647,1625,1617,1612,1602,1585,1579,1572,1557,1552,1547,1535],"minElevation":1513,"maxElevation":1764,"usedBounds":{"minLat":48.157920030823135,"maxLat":48.166563069176874,"minLng":-109.68170720999996,"maxLng":-109.66874959}}