{"gridWidth":17,"gridHeight":12,"elevations":[299,294,283,273,276,273,259,248,244,240,238,237,236,235,231,228,228,290,280,277,287,291,289,278,261,249,241,236,236,238,237,234,229,228,285,286,294,295,290,287,285,278,262,246,241,239,240,239,235,233,230,290,297,299,297,297,296,293,280,268,256,242,237,236,239,237,232,230,299,300,297,296,300,300,293,284,283,269,249,236,235,236,238,234,229,300,302,303,304,305,304,298,297,291,278,258,241,236,236,237,237,236,299,304,312,317,317,317,312,307,297,284,266,248,236,234,235,240,239,303,305,312,320,321,315,308,300,292,284,271,254,241,235,235,238,239,304,307,311,315,314,309,300,296,295,293,283,263,247,238,236,236,237,312,312,314,317,320,319,308,301,300,298,293,282,261,249,239,237,237,310,308,308,308,310,310,307,302,296,294,294,293,278,265,247,239,238,300,298,298,297,297,296,294,292,290,288,286,289,289,278,255,241,239],"minElevation":228,"maxElevation":321,"usedBounds":{"minLat":45.48330857999999,"maxLat":45.493200020000025,"minLng":-92.71605437717577,"maxLng":-92.70194502282433}}