{"gridWidth":23,"gridHeight":17,"elevations":[213,203,191,181,184,184,172,160,154,147,145,144,155,172,193,209,226,240,257,262,252,249,255,210,203,192,174,168,164,155,151,145,144,144,152,176,196,210,227,244,260,271,275,269,259,259,201,196,182,166,157,148,145,143,142,145,154,175,194,212,229,247,260,273,281,283,279,276,274,184,177,168,156,147,145,142,140,145,157,176,197,210,229,249,264,273,282,287,291,290,288,287,162,160,154,146,143,143,144,146,155,173,190,212,230,245,259,273,287,294,299,303,303,302,298,151,147,145,145,145,145,150,159,175,196,213,228,245,255,263,275,287,297,306,310,311,310,308,146,150,153,148,150,155,169,185,200,213,226,236,249,259,270,281,290,297,306,315,317,319,318,170,171,170,165,169,178,186,202,216,227,237,245,256,266,278,292,299,307,309,323,329,332,331,184,188,189,189,195,203,211,217,227,235,249,255,263,277,285,301,315,323,323,333,339,340,341,203,208,210,216,217,219,223,227,236,247,255,267,279,287,300,314,325,336,341,340,342,346,341,222,229,232,236,241,248,248,248,247,264,278,284,290,297,313,325,336,345,347,346,344,341,337,238,243,248,253,262,268,271,265,263,274,285,299,312,323,331,334,339,344,345,343,337,332,326,255,258,260,269,277,281,287,286,278,279,289,308,325,337,342,340,341,338,337,333,327,322,309,265,267,270,278,286,298,305,306,301,295,300,310,324,339,339,337,335,329,324,317,308,304,296,270,273,279,291,303,314,324,327,317,309,314,320,328,335,334,330,326,317,311,302,294,288,281,277,281,292,306,318,328,336,340,336,327,328,333,334,335,334,327,318,306,297,288,281,274,266,291,293,302,316,327,334,339,343,341,339,332,328,329,333,333,325,310,299,291,276,267,259,252],"minElevation":140,"maxElevation":347,"usedBounds":{"minLat":41.02770865500001,"maxLat":41.042243045000006,"minLng":-75.08769054201169,"maxLng":-75.06842205798829}}