{"gridWidth":25,"gridHeight":18,"elevations":[1355,1360,1374,1386,1391,1391,1376,1348,1323,1316,1331,1353,1361,1366,1371,1372,1376,1383,1391,1395,1388,1375,1368,1364,1363,1362,1378,1391,1405,1414,1415,1404,1383,1356,1352,1361,1366,1366,1367,1372,1375,1384,1399,1410,1416,1415,1411,1403,1397,1392,1390,1402,1410,1423,1435,1430,1409,1386,1366,1367,1374,1376,1378,1380,1385,1387,1390,1399,1408,1413,1416,1420,1418,1414,1410,1400,1415,1422,1424,1428,1418,1398,1381,1377,1381,1381,1386,1392,1396,1401,1401,1403,1412,1418,1423,1426,1430,1429,1427,1424,1404,1415,1419,1414,1409,1399,1391,1388,1389,1394,1393,1396,1404,1410,1415,1418,1425,1431,1438,1441,1444,1447,1446,1443,1445,1406,1412,1415,1409,1408,1403,1400,1400,1402,1410,1414,1415,1421,1427,1430,1439,1446,1450,1460,1470,1471,1467,1465,1466,1472,1416,1421,1423,1422,1420,1418,1424,1425,1422,1425,1436,1439,1441,1443,1450,1458,1466,1477,1489,1497,1494,1490,1492,1496,1502,1438,1443,1444,1444,1443,1449,1456,1461,1458,1459,1470,1475,1477,1478,1482,1485,1495,1503,1516,1524,1529,1529,1531,1536,1544,1473,1479,1481,1477,1481,1487,1494,1500,1500,1503,1516,1516,1521,1525,1525,1529,1537,1541,1543,1552,1563,1573,1578,1587,1599,1511,1515,1517,1520,1525,1533,1536,1541,1545,1550,1557,1555,1560,1567,1569,1575,1576,1579,1579,1586,1598,1611,1625,1638,1648,1556,1563,1563,1569,1576,1576,1579,1586,1596,1603,1605,1606,1609,1615,1617,1618,1622,1620,1618,1618,1625,1646,1665,1679,1691,1605,1612,1612,1609,1622,1625,1630,1635,1640,1649,1650,1647,1654,1663,1667,1671,1672,1666,1664,1658,1649,1667,1693,1712,1727,1651,1655,1661,1661,1664,1669,1674,1682,1684,1692,1696,1698,1699,1702,1708,1715,1716,1714,1708,1701,1684,1687,1716,1743,1765,1696,1700,1705,1706,1710,1712,1720,1726,1732,1736,1738,1744,1748,1752,1752,1754,1757,1756,1751,1743,1728,1716,1732,1766,1797,1739,1744,1749,1750,1755,1761,1766,1774,1778,1781,1781,1786,1796,1796,1797,1796,1794,1794,1796,1791,1774,1752,1756,1790,1819,1778,1781,1785,1788,1793,1798,1801,1806,1811,1813,1813,1816,1817,1817,1818,1815,1813,1814,1815,1815,1807,1796,1801,1821,1848,1782,1783,1783,1782,1783,1785,1788,1790,1793,1798,1797,1797,1797,1797,1799,1798,1800,1807,1814,1824,1834,1838,1843,1854,1870,1750,1752,1749,1746,1746,1754,1759,1760,1764,1767,1767,1769,1771,1776,1779,1783,1787,1798,1812,1823,1831,1836,1841,1842,1847],"minElevation":1316,"maxElevation":1870,"usedBounds":{"minLat":44.172156040854404,"maxLat":44.18692145914561,"minLng":5.257041174999999,"maxLng":5.277629925}}