{"gridWidth":27,"gridHeight":20,"elevations":[349,345,328,314,306,303,296,283,271,269,268,275,284,309,329,342,361,380,385,376,356,347,340,338,347,345,342,347,338,326,317,318,316,308,296,281,276,273,276,279,298,318,335,357,377,381,365,343,330,322,318,322,321,314,343,336,336,335,333,330,322,308,293,279,272,276,278,295,309,325,347,366,365,351,336,326,322,317,312,309,300,348,356,361,366,359,351,338,326,312,296,281,274,275,284,298,315,331,344,344,337,336,341,338,334,325,319,312,366,380,387,391,378,363,350,342,327,309,291,275,274,276,285,300,313,320,323,331,339,346,352,353,348,340,326,390,402,404,400,389,376,361,350,337,320,304,285,278,277,279,289,300,301,312,322,337,355,358,358,355,341,322,401,415,424,419,407,394,374,362,346,334,320,298,284,283,283,288,290,295,305,316,336,355,358,360,357,351,335,406,421,438,442,431,416,399,381,366,353,337,319,305,294,291,295,298,303,318,330,341,357,365,374,380,377,363,409,420,443,453,450,440,422,399,379,362,350,337,326,317,315,318,317,317,330,339,349,363,378,388,400,400,386,411,427,449,465,468,460,441,420,395,375,364,358,351,344,341,341,341,342,349,350,361,376,394,406,419,418,407,420,441,461,475,476,469,455,433,409,392,378,373,371,365,357,359,361,364,367,369,378,388,405,423,439,438,424,429,450,468,481,484,480,472,456,430,411,399,392,390,384,374,377,379,384,385,396,398,407,416,435,454,452,438,437,457,480,502,506,504,500,486,468,456,441,431,419,409,402,398,403,409,425,435,439,446,446,449,456,450,439,454,478,506,528,537,535,531,521,510,503,495,484,474,467,454,451,451,453,454,458,457,451,442,439,442,439,432,486,512,539,557,560,559,557,549,546,542,535,523,513,506,501,493,484,471,455,447,434,421,408,401,408,419,422,493,524,549,567,571,568,564,560,562,557,550,540,529,516,502,490,476,460,436,422,402,385,373,370,372,384,396,490,520,543,565,576,576,570,566,566,565,563,555,544,522,502,479,454,437,418,396,378,358,344,339,338,346,356,484,514,539,560,573,580,574,570,568,567,563,560,551,532,504,474,439,416,397,377,358,342,336,335,332,328,325,485,519,541,554,567,576,576,575,571,567,562,551,535,518,496,469,430,407,380,361,348,351,362,363,358,350,335,496,528,543,550,556,567,576,577,575,571,561,546,524,500,473,449,424,398,370,355,355,369,392,399,393,383,367],"minElevation":268,"maxElevation":580,"usedBounds":{"minLat":42.15743063759641,"maxLat":42.17388146240362,"minLng":-73.48842682000003,"maxLng":-73.46623217999999}}