{"gridWidth":18,"gridHeight":9,"elevations":[399,407,411,414,417,417,412,407,405,403,397,392,391,385,373,359,349,345,378,387,394,401,403,400,397,393,389,384,379,377,378,369,356,347,343,339,357,369,378,383,384,382,378,376,372,366,364,364,367,364,353,342,336,328,345,360,368,373,371,366,363,360,356,353,353,358,364,363,355,345,332,314,340,353,363,368,363,355,350,345,340,338,341,349,355,357,351,342,330,316,345,357,364,365,366,364,354,342,332,330,332,337,341,341,336,330,323,315,346,360,370,369,365,362,350,334,320,317,324,332,337,337,334,328,324,317,341,349,353,352,347,338,330,326,321,319,325,332,340,342,334,324,319,310,326,337,340,339,334,325,319,322,326,328,328,333,340,338,330,320,310,298],"minElevation":298,"maxElevation":417,"usedBounds":{"minLat":59.96151572951706,"maxLat":59.96889357048295,"minLng":10.662029810000007,"maxLng":10.676769990000004}}