{"gridWidth":13,"gridHeight":9,"elevations":[187,185,184,179,178,172,169,167,166,161,154,147,141,194,199,203,203,200,195,186,183,183,179,176,173,169,214,221,228,229,229,223,217,201,196,192,194,197,194,228,236,239,240,241,238,241,229,216,207,206,207,206,234,236,235,240,245,245,245,241,234,228,229,225,225,233,243,250,257,263,266,263,259,256,250,251,248,246,246,255,264,267,276,281,284,283,283,279,279,282,279,253,265,274,278,285,288,291,294,296,298,302,304,304,256,269,281,285,287,288,293,297,299,303,305,306,312],"minElevation":141,"maxElevation":312,"usedBounds":{"minLat":42.86961987131296,"maxLat":42.87745832868703,"minLng":-74.08289992500004,"maxLng":-74.07220417499992}}