{"gridWidth":15,"gridHeight":11,"elevations":[2226,2223,2225,2217,2225,2261,2296,2326,2346,2349,2351,2345,2341,2339,2338,2272,2279,2272,2250,2233,2265,2297,2317,2323,2322,2325,2323,2329,2336,2341,2282,2289,2279,2258,2238,2252,2276,2285,2289,2289,2295,2306,2321,2333,2348,2283,2289,2270,2258,2250,2249,2266,2277,2286,2301,2308,2325,2336,2349,2367,2291,2284,2269,2275,2287,2288,2286,2300,2321,2335,2332,2344,2364,2377,2383,2314,2296,2280,2294,2308,2316,2321,2319,2334,2358,2363,2364,2379,2393,2399,2337,2323,2306,2301,2316,2325,2340,2351,2360,2373,2389,2388,2393,2403,2409,2351,2339,2322,2319,2343,2357,2357,2368,2388,2395,2401,2405,2407,2409,2413,2365,2350,2330,2327,2350,2373,2375,2377,2389,2397,2410,2416,2416,2414,2412,2374,2360,2341,2332,2351,2376,2388,2395,2395,2398,2411,2417,2419,2415,2411,2385,2378,2362,2349,2359,2375,2387,2401,2412,2417,2420,2421,2423,2417,2407],"minElevation":2217,"maxElevation":2423,"usedBounds":{"minLat":42.74225592666109,"maxLat":42.75164077333892,"minLng":-106.34737617500001,"maxLng":-106.33459652499995}}