{"gridWidth":28,"gridHeight":19,"elevations":[404,400,397,395,392,389,388,387,387,388,385,385,384,383,380,372,370,371,374,377,380,381,383,385,393,398,400,395,392,388,384,380,379,379,378,378,379,379,378,377,378,379,375,372,371,373,376,378,380,382,383,390,401,402,402,400,374,372,372,372,373,373,375,375,376,375,376,377,377,376,373,370,370,371,376,378,381,383,390,401,406,404,401,400,371,371,372,370,370,372,370,371,371,372,374,377,377,374,370,369,371,375,377,378,384,395,407,410,408,408,405,405,380,381,382,382,380,378,376,373,369,368,370,370,368,368,368,372,375,376,380,388,401,412,417,415,414,412,411,409,396,399,399,398,398,397,398,395,379,375,372,369,368,370,370,374,380,384,397,411,417,418,419,420,419,417,415,414,403,402,402,402,402,404,406,409,403,403,404,400,395,394,391,399,401,401,410,418,418,419,420,421,420,419,421,421,402,404,404,405,408,410,414,413,414,414,414,416,418,415,417,418,420,420,417,420,422,421,420,420,420,421,423,424,404,406,408,409,412,416,420,422,422,424,427,434,436,437,438,436,434,435,429,429,431,432,431,427,424,424,427,426,408,410,412,412,415,420,426,429,431,440,450,455,458,460,457,454,451,449,446,444,445,444,443,440,436,435,434,433,413,414,416,416,421,428,434,438,446,458,469,479,483,485,483,478,472,467,465,461,460,457,455,453,453,450,445,443,415,418,419,420,423,430,438,447,462,478,488,493,495,499,500,497,490,485,483,482,484,486,480,478,475,467,461,459,416,421,423,427,432,437,447,459,477,491,501,505,507,510,512,507,503,503,501,507,515,517,509,500,492,487,480,475,419,424,427,430,434,440,454,469,488,498,506,512,516,518,518,514,511,516,519,524,527,526,521,512,506,503,494,488,428,430,433,437,439,448,463,476,493,501,510,516,521,523,526,526,527,528,530,530,531,530,528,522,521,518,512,503,434,437,439,442,447,459,472,482,495,501,508,515,524,528,529,533,534,533,535,536,537,536,535,536,536,531,525,512,440,443,449,453,457,469,480,489,497,506,516,523,529,531,532,534,535,536,539,541,539,537,538,538,536,534,528,520,457,458,459,461,466,475,486,495,506,517,526,528,532,535,535,536,540,541,539,539,538,537,536,532,533,532,526,521,465,467,469,468,476,486,499,514,523,525,528,531,533,536,537,539,540,540,539,539,539,539,541,540,538,537,529,528],"minElevation":368,"maxElevation":541,"usedBounds":{"minLat":46.49628041584173,"maxLat":46.51235898415826,"minLng":-89.98440366499999,"maxLng":-89.96104383500001}}