{"gridWidth":18,"gridHeight":13,"elevations":[470,461,456,451,444,436,425,415,409,398,388,385,380,362,341,330,326,324,480,473,462,451,442,431,421,417,413,408,402,396,385,367,351,347,341,334,482,473,459,446,438,434,431,428,423,415,407,397,383,372,362,352,344,338,472,465,458,454,452,449,442,436,431,423,411,400,391,377,365,353,346,338,493,487,480,472,471,467,457,445,435,428,419,410,401,386,374,364,354,347,513,504,496,492,487,479,469,454,447,440,436,426,414,402,386,373,361,354,521,508,507,506,502,496,488,478,469,460,451,442,430,419,407,391,375,367,538,534,533,530,530,522,513,499,490,481,474,462,453,442,431,416,399,387,565,569,569,568,568,559,548,537,521,510,503,493,480,469,454,439,423,408,579,582,584,585,582,580,573,562,552,546,542,531,518,499,481,464,449,432,591,594,597,597,594,591,585,578,575,571,563,556,548,534,514,496,476,458,608,606,603,601,600,598,593,589,585,579,576,570,565,556,550,537,515,491,621,615,611,608,606,603,598,594,589,584,581,576,569,565,563,560,552,532],"minElevation":324,"maxElevation":621,"usedBounds":{"minLat":42.63720666764768,"maxLat":42.64811083235234,"minLng":-77.49139751999999,"maxLng":-77.47657388000002}}