{"gridWidth":20,"gridHeight":16,"elevations":[926,929,924,926,932,933,931,923,919,924,930,938,947,952,961,972,980,982,973,956,933,934,932,929,931,932,930,923,916,917,931,945,949,949,957,965,975,984,980,968,935,937,941,937,936,933,929,920,921,923,931,941,948,948,950,952,958,968,981,992,938,940,945,950,944,936,924,927,938,937,937,943,950,951,949,948,952,962,983,1003,943,949,956,957,951,937,924,935,941,942,944,948,952,952,949,953,954,966,983,1003,948,949,961,968,959,942,931,941,948,947,951,954,957,956,956,964,964,964,977,998,950,951,965,977,974,954,942,946,952,951,949,953,958,961,960,962,973,981,981,988,958,954,961,976,980,965,959,959,966,961,950,953,960,966,968,966,971,987,999,1003,975,971,961,968,976,983,989,985,975,959,952,953,960,970,977,980,977,986,1008,1023,985,989,974,966,968,989,1008,1006,988,972,965,960,960,970,986,999,994,993,1009,1028,987,1002,1000,989,976,980,1001,1012,1005,995,991,980,965,968,980,1000,1017,1011,1014,1025,990,1012,1023,1017,1002,985,992,1008,1017,1020,1014,999,989,979,983,996,1018,1026,1025,1038,982,1003,1024,1028,1021,1003,992,1000,1013,1026,1031,1030,1019,1006,1005,1005,1019,1035,1044,1048,978,997,1013,1009,1016,1022,1010,998,1008,1021,1036,1049,1051,1040,1035,1034,1039,1049,1051,1042,972,980,990,991,1007,1022,1024,1012,1013,1022,1029,1043,1057,1067,1069,1056,1048,1044,1037,1027,964,971,976,981,991,1002,1011,1018,1021,1028,1040,1048,1057,1069,1081,1066,1041,1026,1015,1009],"minElevation":916,"maxElevation":1081,"usedBounds":{"minLat":37.58914206500002,"maxLat":37.602650234999984,"minLng":-81.12638384732546,"maxLng":-81.1093352526745}}