{"gridWidth":16,"gridHeight":11,"elevations":[238,239,240,238,236,237,236,236,237,242,262,268,264,260,256,251,237,237,236,237,238,236,237,237,237,243,260,257,251,251,251,251,237,235,236,237,238,238,238,244,253,257,253,250,251,250,250,253,237,234,235,237,241,245,257,271,280,276,263,255,253,252,254,255,231,234,237,242,250,261,275,291,298,297,292,281,276,270,268,275,233,233,239,249,260,279,292,298,299,302,301,298,293,288,289,297,234,233,244,254,269,283,289,286,289,294,294,295,296,295,297,300,238,239,243,253,268,271,270,269,276,283,290,297,298,299,299,300,240,239,242,247,256,263,272,280,288,292,298,299,297,298,298,298,241,240,240,242,250,265,280,290,294,296,297,299,300,299,297,295,239,239,239,241,249,258,269,276,287,296,298,299,299,299,296,294],"minElevation":231,"maxElevation":302,"usedBounds":{"minLat":44.125484432980414,"maxLat":44.1348521670196,"minLng":-94.04316322500004,"maxLng":-94.030111875}}