{"gridWidth":13,"gridHeight":10,"elevations":[269,264,261,260,256,255,254,252,255,255,257,261,265,254,254,255,259,257,253,252,254,255,253,255,257,260,251,253,252,256,257,256,254,253,253,254,256,257,257,255,254,256,254,254,257,257,257,258,263,263,264,268,263,264,265,265,266,265,270,272,274,279,281,279,281,280,279,279,285,287,282,284,289,288,291,295,293,289,296,295,295,293,297,299,300,307,304,304,299,291,288,302,304,309,306,305,308,319,329,321,314,303,292,288,302,308,312,310,307,308,315,321,320,315,303,294,287,295,299,307,312,308,306,307,304,307,307,299,294,290],"minElevation":251,"maxElevation":329,"usedBounds":{"minLat":42.72926505206214,"maxLat":42.737346647937876,"minLng":-88.43352912500008,"maxLng":-88.42252657499996}}