{"gridWidth":7,"gridHeight":5,"elevations":[253,254,257,258,256,258,257,255,257,257,256,256,256,257,260,260,259,256,255,256,257,266,268,269,269,262,260,266,265,276,281,283,277,274,281],"minElevation":253,"maxElevation":283,"usedBounds":{"minLat":42.60860436539071,"maxLat":42.613180734609294,"minLng":-88.39143668000001,"maxLng":-88.38521851999995}}