{"gridWidth":26,"gridHeight":18,"elevations":[614,612,611,609,607,609,616,623,625,616,606,589,568,547,522,494,468,444,422,407,403,398,398,394,386,382,636,634,630,628,629,636,639,634,628,615,603,591,578,560,539,506,479,454,434,425,416,409,405,402,400,396,648,648,648,653,657,658,650,638,624,610,598,586,576,560,541,517,494,469,446,432,423,422,418,415,415,416,662,660,667,676,678,670,659,642,621,593,577,566,563,552,533,513,499,481,463,444,433,429,433,437,439,444,679,681,689,685,679,669,656,633,609,587,564,541,526,517,511,501,489,482,472,459,446,439,442,450,454,451,685,693,693,687,675,663,652,621,593,572,550,522,499,485,481,479,477,477,473,466,456,441,434,444,453,455,691,697,690,679,670,662,644,619,585,559,532,503,476,458,451,452,453,454,454,449,439,421,413,423,431,436,683,687,679,667,662,650,630,610,585,555,528,500,470,439,424,419,418,420,416,413,399,385,381,391,398,404,669,665,654,645,642,636,622,599,576,550,523,500,469,434,407,391,388,382,380,374,364,354,349,354,361,365,658,652,641,632,628,624,611,595,573,551,522,494,460,427,401,384,369,359,354,351,346,338,328,326,326,331,658,651,637,624,617,611,598,580,562,546,522,495,468,437,412,393,386,372,352,339,331,326,319,313,308,308,649,644,633,621,610,598,581,562,542,529,513,491,473,455,432,412,400,382,359,339,322,314,310,305,299,294,636,636,625,615,602,587,571,548,528,508,496,484,467,450,431,415,401,381,360,338,321,311,306,299,294,288,629,623,615,604,586,572,559,550,529,500,474,464,452,436,418,403,389,376,354,335,321,309,300,293,286,285,621,608,598,589,570,561,550,538,528,506,476,452,447,449,439,420,400,383,366,343,318,306,299,291,284,284,621,602,586,573,562,555,547,531,515,503,489,467,458,458,449,433,417,399,378,351,324,307,300,290,283,279,624,605,591,581,573,556,536,524,511,494,480,470,462,458,449,432,417,397,369,351,332,320,310,299,286,278,611,601,592,588,580,561,530,508,494,478,464,450,440,434,428,420,405,395,380,371,358,339,328,315,298,284],"minElevation":278,"maxElevation":697,"usedBounds":{"minLat":44.572523924999985,"maxLat":44.587833375,"minLng":-70.63310290929348,"maxLng":-70.61160899070654}}