{"gridWidth":6,"gridHeight":4,"elevations":[110,112,112,117,125,129,116,120,112,114,122,130,122,129,126,128,132,137,128,133,139,142,146,150],"minElevation":110,"maxElevation":150,"usedBounds":{"minLat":43.00319051349077,"maxLat":43.006693686509244,"minLng":-71.44216633500014,"maxLng":-71.43737596500003}}