{"gridWidth":16,"gridHeight":11,"elevations":[163,164,164,165,165,164,163,163,165,166,168,170,170,173,176,180,170,171,171,173,174,174,173,172,169,171,175,178,181,185,186,193,179,180,182,183,186,185,184,185,184,187,190,193,196,202,208,212,186,187,188,191,197,198,202,206,205,204,207,213,217,222,223,223,190,195,197,200,207,211,215,222,222,226,229,233,237,236,233,229,199,204,209,215,220,223,229,240,248,248,251,255,256,250,246,242,208,212,215,219,229,243,252,260,265,266,267,270,270,266,261,258,213,218,222,231,246,260,271,279,281,281,281,282,282,281,279,275,220,225,237,251,262,274,284,292,294,294,294,293,294,298,299,288,229,237,247,260,271,281,293,300,301,298,294,291,294,301,305,284,234,243,251,263,272,279,289,295,295,289,287,285,287,292,296,273],"minElevation":163,"maxElevation":305,"usedBounds":{"minLat":47.23807421000002,"maxLat":47.24701119000001,"minLng":-68.60139844183072,"maxLng":-68.58823445816932}}