{"gridWidth":31,"gridHeight":23,"elevations":[60,61,61,60,67,69,68,70,66,58,55,55,54,50,48,49,55,59,58,56,56,57,56,50,44,49,50,52,52,55,65,59,60,61,59,62,67,69,68,62,59,55,55,52,50,50,54,59,64,64,60,60,62,63,56,46,48,52,52,51,56,63,63,61,61,60,61,61,61,64,57,55,53,54,51,47,49,53,57,63,62,58,59,61,63,63,50,43,52,50,51,55,59,63,60,61,61,61,61,59,58,60,58,57,57,55,51,51,55,57,58,58,60,61,63,66,63,56,43,50,53,54,62,65,68,62,66,63,65,61,61,65,71,72,68,67,63,56,54,59,61,61,62,62,63,63,65,67,58,42,42,51,54,55,63,70,68,66,64,67,68,67,76,82,83,78,66,60,52,57,64,71,73,70,68,66,65,64,65,54,43,45,54,57,56,61,62,66,68,67,69,73,76,79,80,80,76,67,58,52,60,69,74,73,74,70,68,64,60,59,52,50,49,53,57,56,58,64,68,68,66,65,67,71,74,77,77,72,68,63,55,56,63,67,72,77,75,71,63,59,55,52,55,56,58,59,59,57,68,67,64,64,62,61,64,68,69,69,67,62,61,55,53,53,59,68,77,79,74,61,54,51,55,60,62,65,61,58,60,69,65,62,64,63,65,65,64,70,67,65,61,59,58,58,57,59,67,72,74,73,61,52,53,62,65,69,69,62,63,62,65,66,63,62,62,64,64,69,74,71,65,60,60,56,56,57,62,67,70,70,67,58,54,60,63,62,64,66,68,67,65,61,62,61,64,64,61,59,61,64,62,58,57,58,58,56,57,63,67,66,65,62,60,57,63,62,57,59,65,69,69,67,62,61,61,62,64,62,58,57,56,56,55,55,57,57,63,65,67,66,65,61,57,61,62,65,66,65,60,64,69,68,67,60,59,59,59,60,59,57,57,55,54,54,58,58,59,67,73,71,68,63,58,57,62,62,67,65,64,64,62,64,67,67,55,55,57,55,59,57,55,54,55,61,61,58,59,57,62,70,63,59,57,55,61,64,65,65,66,63,64,63,66,72,71,60,63,59,54,55,54,57,55,54,58,58,57,58,55,56,61,54,52,59,62,64,67,66,66,65,64,65,65,68,72,74,68,68,68,67,65,62,59,59,60,61,58,62,60,57,54,54,55,55,61,65,68,67,64,63,66,66,66,65,65,69,71,74,71,70,72,71,67,59,62,63,63,56,58,59,57,53,53,54,54,61,64,66,62,60,60,62,65,65,65,63,66,69,76,75,75,75,73,71,65,65,68,66,60,55,56,59,59,60,57,53,62,70,68,61,61,60,60,63,63,62,64,64,67,79,78,81,80,76,76,71,71,74,72,68,61,61,60,63,63,61,59,59,67,70,60,62,60,62,63,61,61,64,63,67,81,80,81,81,80,81,78,75,77,73,69,69,67,61,60,60,59,56,51,58,60,54,58,58,63,67,64,63,64,65,65,85,83,84,84,82,83,83,81,75,71,66,63,60,58,58,56,54,53,52,52,53,56,60,63,66,69,64,61,62,63,65,88,90,87,85,85,84,81,76,72,73,67,65,63,58,56,55,55,56,54,55,56,62,63,63,67,69,64,61,62,63,67],"minElevation":42,"maxElevation":90,"usedBounds":{"minLat":42.54714717510796,"maxLat":42.56632962489204,"minLng":-71.35653080000002,"maxLng":-71.3304892}}