{"gridWidth":28,"gridHeight":21,"elevations":[670,705,733,762,776,763,738,714,697,684,669,657,643,630,609,594,575,568,563,563,559,550,546,535,519,499,483,468,680,715,744,767,774,757,738,719,708,697,689,674,659,639,620,599,579,562,548,545,542,535,531,525,512,498,484,466,699,731,757,770,768,749,734,722,713,710,704,691,673,649,627,610,592,572,555,539,525,515,511,505,496,485,479,468,714,747,768,770,761,745,730,717,710,707,701,695,681,664,643,627,610,590,568,549,532,516,505,495,487,480,475,468,730,764,778,774,760,747,731,719,712,701,689,683,671,663,648,631,616,602,586,564,546,533,521,516,506,501,500,485,739,772,787,783,771,757,739,727,721,709,693,675,657,647,633,618,609,604,594,576,559,547,545,542,538,531,515,492,744,776,791,791,781,765,747,736,728,717,704,683,659,638,625,612,597,587,579,571,562,558,561,559,558,546,526,502,751,778,788,789,782,767,752,739,730,714,701,683,665,648,634,616,597,581,569,557,546,549,557,562,559,548,533,507,762,778,778,781,777,763,755,750,739,719,698,677,660,645,634,619,603,588,569,555,542,537,540,547,546,535,517,500,764,772,769,766,760,758,759,760,749,726,698,672,655,639,627,611,598,586,567,551,538,527,523,523,526,520,506,491,760,762,757,752,747,746,752,755,748,734,709,683,663,643,622,607,595,579,561,547,533,519,508,506,508,506,500,486,761,760,754,745,737,733,735,744,742,734,719,696,675,653,630,612,596,579,564,546,527,512,502,495,492,495,492,483,766,765,758,744,732,727,725,729,734,731,720,704,683,662,640,620,606,590,570,548,533,518,502,492,485,485,484,483,765,768,765,752,737,723,714,713,716,717,712,706,689,666,642,622,607,591,573,551,536,518,498,486,478,478,476,470,757,762,760,755,746,730,714,702,696,696,695,696,685,665,646,630,610,590,572,552,535,518,497,483,468,465,468,463,753,752,750,749,744,735,723,707,689,674,672,677,674,670,656,638,620,600,583,561,544,520,494,474,463,458,461,459,756,751,742,735,734,730,725,714,696,671,656,653,654,656,649,641,628,605,587,569,549,522,498,477,457,452,454,453,755,750,737,726,721,718,715,712,701,681,659,640,630,633,636,633,624,610,595,579,559,530,501,477,460,449,445,445,750,745,734,723,713,706,703,698,697,687,671,646,620,609,608,617,618,611,597,583,564,536,509,485,471,450,442,438,751,741,733,723,714,704,694,680,674,677,671,653,627,604,592,595,605,605,595,576,553,535,513,499,480,459,441,437,766,755,744,734,726,713,698,686,666,657,650,649,634,608,582,576,585,591,587,572,552,531,515,502,486,468,444,436],"minElevation":436,"maxElevation":791,"usedBounds":{"minLat":42.58567534342395,"maxLat":42.60292905657605,"minLng":-73.27314430499999,"maxLng":-73.24970699499997}}