{"gridWidth":10,"gridHeight":7,"elevations":[86,81,74,65,63,58,55,51,47,43,93,86,82,74,66,59,55,53,48,47,102,101,98,89,80,68,64,58,52,51,114,114,116,108,92,80,71,65,57,56,126,123,122,114,101,89,80,77,70,59,130,133,131,124,112,99,87,78,69,59,133,141,138,124,112,96,87,77,66,55],"minElevation":43,"maxElevation":141,"usedBounds":{"minLat":44.77640041452841,"maxLat":44.7825481854716,"minLng":-68.96446604500004,"maxLng":-68.95580505500003}}