{"gridWidth":24,"gridHeight":17,"elevations":[632,636,651,660,655,641,626,619,617,616,622,626,636,647,658,667,678,685,684,690,703,711,702,685,645,655,661,662,649,633,625,623,619,624,632,642,653,661,668,677,681,679,682,688,700,700,687,673,654,667,667,659,644,631,623,622,619,630,642,651,664,677,689,697,697,691,686,687,694,687,669,648,652,661,657,646,636,625,621,620,625,639,657,670,691,709,718,709,697,686,675,675,683,683,666,639,646,652,647,635,627,620,619,622,627,641,654,678,716,737,730,711,687,672,663,664,674,676,663,642,638,643,636,624,619,617,622,627,634,644,655,671,714,735,728,711,690,671,660,659,665,662,649,636,628,627,618,613,615,624,633,636,639,653,673,690,718,731,720,704,685,668,651,648,650,642,629,626,616,612,610,616,627,634,641,641,645,662,688,710,723,722,710,693,675,656,638,631,625,616,613,613,607,605,613,628,644,651,647,644,648,663,684,696,699,698,693,683,671,648,623,609,605,599,599,600,601,605,621,646,663,665,658,650,652,667,676,676,672,675,672,672,665,646,619,600,597,591,587,585,600,614,632,657,673,673,662,652,654,666,666,659,651,651,649,652,647,631,614,604,600,592,581,578,608,620,634,660,680,674,660,650,658,662,658,645,636,633,633,630,626,613,604,605,605,597,583,572,615,623,634,651,660,661,653,643,649,652,645,628,617,619,615,609,603,600,602,607,607,595,580,568,618,625,634,641,642,638,630,624,623,622,615,607,601,603,596,592,590,595,599,601,600,589,574,562,614,621,629,632,627,619,613,607,601,599,594,585,583,584,577,575,582,591,593,594,592,583,565,556,616,615,616,615,607,601,599,598,594,589,585,579,568,565,563,569,576,581,582,585,584,571,556,550,615,610,600,596,597,596,590,588,586,584,581,572,560,554,555,562,569,573,571,571,568,560,553,550],"minElevation":550,"maxElevation":737,"usedBounds":{"minLat":43.512881144999994,"maxLat":43.52726655500001,"minLng":-74.3719224505985,"maxLng":-74.35208414940149}}