{"gridWidth":11,"gridHeight":8,"elevations":[442,445,448,447,446,453,455,456,455,455,460,446,447,450,456,466,474,478,481,480,482,481,447,446,448,456,470,485,490,487,486,483,479,453,443,442,449,462,478,486,481,481,479,473,461,449,446,452,464,475,475,465,466,470,463,464,456,446,449,459,461,459,455,456,456,458,457,450,445,450,450,449,452,458,460,460,462,447,443,443,450,454,454,454,456,457,461,463],"minElevation":442,"maxElevation":490,"usedBounds":{"minLat":46.812137549999996,"maxLat":46.818415249999994,"minLng":-95.7886627967967,"maxLng":-95.77948960320333}}