{"gridWidth":27,"gridHeight":21,"elevations":[326,330,329,336,351,366,377,395,415,434,454,470,486,494,508,515,510,488,467,435,402,362,333,306,290,283,278,330,343,349,352,360,376,397,418,447,472,495,516,522,520,518,510,495,473,445,413,382,352,323,303,284,271,264,328,343,356,369,383,399,420,448,481,511,532,535,524,512,500,487,477,461,433,404,370,345,315,292,281,269,256,322,340,356,373,393,415,443,474,505,528,537,526,510,493,477,465,457,441,424,404,374,341,309,290,281,268,257,323,334,352,372,399,431,465,499,526,533,526,511,493,474,455,439,427,415,405,393,370,334,304,288,277,266,256,345,353,368,391,418,450,484,513,532,529,515,499,476,451,428,409,390,378,376,376,341,314,295,278,266,257,248,365,380,399,423,451,485,509,528,537,523,504,484,452,428,407,381,361,347,352,352,325,298,283,267,258,247,236,378,399,426,453,481,509,527,529,524,505,487,470,448,422,394,365,343,322,330,337,313,288,271,257,253,243,234,398,423,455,481,503,516,520,509,494,480,467,453,438,417,398,375,348,318,312,319,301,280,262,248,247,242,234,421,450,480,498,509,507,495,481,465,454,441,428,414,396,381,365,345,324,303,299,286,266,258,249,247,242,233,444,471,495,504,500,488,473,455,441,429,415,401,387,374,360,345,331,320,304,287,272,264,257,250,246,241,234,466,484,494,487,476,466,452,432,417,405,389,376,361,344,334,325,316,308,298,291,268,258,253,248,241,240,238,484,490,479,466,455,444,435,416,398,381,370,353,336,321,314,306,296,288,283,272,259,253,247,243,239,236,245,497,488,469,451,442,433,422,402,380,365,346,335,315,301,294,285,277,269,265,260,255,253,245,242,239,248,265,505,488,467,449,431,418,407,390,368,352,336,322,309,303,299,289,279,268,264,261,256,253,246,244,250,266,283,497,490,475,459,437,413,397,380,361,345,335,331,330,320,310,294,282,278,273,264,260,254,250,256,265,275,292,482,478,480,478,461,435,413,400,380,370,366,355,347,331,319,299,289,283,277,275,270,261,264,270,278,286,299,465,464,475,475,466,446,429,414,405,397,386,367,354,337,315,299,288,281,277,270,267,262,265,274,282,292,304,453,451,458,450,448,438,423,413,412,402,385,366,346,329,305,289,278,272,268,267,264,261,272,285,292,297,312,442,432,435,426,420,410,396,397,398,392,374,352,331,311,296,281,276,275,269,267,265,266,277,292,306,315,330,447,432,416,405,391,377,369,379,382,376,361,342,322,312,301,296,291,288,284,274,265,276,283,291,310,326,341],"minElevation":233,"maxElevation":537,"usedBounds":{"minLat":39.73558768500003,"maxLat":39.752732214999995,"minLng":-77.94925323689053,"maxLng":-77.92695596310956}}