{"gridWidth":13,"gridHeight":9,"elevations":[179,187,212,234,251,266,281,293,300,303,297,291,296,179,185,201,216,227,235,251,271,291,301,306,308,306,179,183,188,201,213,225,238,255,273,284,293,305,311,179,184,189,208,223,238,258,276,287,292,295,307,311,179,184,191,214,235,250,270,284,294,302,306,310,311,179,184,196,221,247,277,289,293,297,303,308,308,305,180,185,206,231,257,285,297,303,304,306,302,296,295,179,187,216,243,278,301,301,300,302,304,299,287,287,179,189,221,249,290,306,300,295,296,299,299,280,278],"minElevation":179,"maxElevation":311,"usedBounds":{"minLat":42.313500884999996,"maxLat":42.321340015000004,"minLng":-90.40324671805742,"maxLng":-90.39264508194266}}