{"gridWidth":12,"gridHeight":9,"elevations":[299,299,292,289,286,286,291,291,289,289,286,272,312,309,299,294,291,286,288,285,284,283,283,274,321,323,320,314,306,291,284,278,274,270,269,266,331,342,341,329,308,291,280,277,279,277,277,279,336,345,347,333,310,299,297,296,297,293,290,286,325,338,346,344,329,320,322,321,319,311,298,291,317,330,343,348,343,339,342,339,332,319,306,300,328,337,343,348,352,349,344,336,322,308,294,285,345,346,350,351,351,351,344,338,322,311,302,289],"minElevation":266,"maxElevation":352,"usedBounds":{"minLat":43.040358017030165,"maxLat":43.04776558296984,"minLng":-89.78969342000005,"maxLng":-89.77955757999999}}