{"gridWidth":9,"gridHeight":7,"elevations":[511,512,513,511,513,514,513,517,523,513,513,514,514,515,517,518,526,539,521,527,525,526,530,531,533,543,556,543,549,551,550,553,549,550,555,566,566,570,572,575,571,566,565,571,584,589,591,598,602,599,598,593,593,601,611,615,620,622,620,618,613,610,610],"minElevation":511,"maxElevation":622,"usedBounds":{"minLat":41.513303795,"maxLat":41.519146905000014,"minLng":-77.29389741580917,"maxLng":-77.28609378419083}}