{"gridWidth":10,"gridHeight":7,"elevations":[78,71,67,67,65,69,66,68,69,67,82,76,74,73,67,66,62,63,66,63,75,77,84,84,83,75,71,66,61,60,75,80,92,105,105,96,87,73,62,61,79,90,108,121,122,116,100,81,67,64,94,106,118,128,132,126,109,88,71,66,102,114,122,130,133,128,115,94,76,68],"minElevation":60,"maxElevation":133,"usedBounds":{"minLat":42.538970750000004,"maxLat":42.545201649999996,"minLng":-71.451261912017,"maxLng":-71.44280498798304}}