{"gridWidth":24,"gridHeight":18,"elevations":[191,193,200,217,234,235,226,218,219,232,238,238,237,237,236,236,237,234,231,228,226,226,226,226,191,197,203,218,232,232,232,232,233,237,235,233,233,235,233,235,237,237,230,228,227,226,227,229,195,200,212,228,235,228,227,231,231,229,228,230,231,233,234,234,233,234,230,228,227,230,231,230,196,209,229,235,234,227,226,229,228,228,228,228,229,232,235,234,232,231,229,228,229,232,234,230,200,211,221,223,224,221,222,226,226,227,227,229,229,231,233,234,234,234,232,232,230,231,231,228,216,221,220,220,219,217,219,224,226,225,227,229,228,229,233,235,232,231,234,235,233,232,230,226,222,220,220,224,220,217,218,222,223,225,228,229,229,231,232,232,231,230,231,230,229,230,231,228,221,220,223,227,225,221,222,224,225,231,233,231,232,232,233,232,231,232,230,228,228,229,230,227,222,219,220,223,223,222,224,226,227,233,235,230,229,229,233,232,233,229,228,228,230,230,227,227,226,220,217,218,219,222,228,231,233,235,233,226,224,224,227,228,228,228,231,231,230,230,229,232,224,219,215,217,217,220,224,226,227,227,227,222,220,221,224,222,225,228,229,231,231,230,230,232,220,217,216,221,229,234,232,229,226,223,222,219,216,220,226,224,224,227,227,230,233,233,229,232,217,220,226,235,240,245,241,233,229,226,224,217,218,220,223,222,223,223,222,226,234,237,234,235,220,224,233,239,241,246,245,240,232,225,226,226,226,229,229,228,226,221,214,220,232,237,236,233,216,217,229,235,239,244,247,245,236,228,226,224,224,227,228,231,232,231,227,228,229,233,231,230,213,219,230,234,240,245,246,243,238,234,227,219,219,221,226,230,235,240,239,230,228,230,230,229,216,227,235,239,240,239,238,236,236,235,230,223,224,226,229,230,235,239,236,226,229,233,231,229,214,225,232,237,238,234,233,232,232,237,238,229,230,232,232,231,234,233,229,225,234,235,232,233],"minElevation":191,"maxElevation":247,"usedBounds":{"minLat":41.94583075111679,"maxLat":41.96084364888321,"minLng":-86.31409417500004,"maxLng":-86.29390712500003}}