{"gridWidth":12,"gridHeight":9,"elevations":[258,248,236,227,233,252,270,276,285,299,314,326,237,233,226,228,249,267,279,290,301,315,334,346,225,224,228,243,262,276,285,301,315,335,350,353,251,242,239,251,267,279,292,307,326,343,348,349,266,261,245,251,266,281,294,312,335,346,348,349,271,271,262,254,265,281,295,313,335,342,346,345,280,279,273,263,274,288,301,321,337,344,346,345,297,293,285,281,292,306,324,338,341,344,346,349,321,311,305,305,313,329,340,345,347,348,348,351],"minElevation":224,"maxElevation":353,"usedBounds":{"minLat":42.51289379551342,"maxLat":42.52018680448657,"minLng":-90.82766806500001,"maxLng":-90.81777363499998}}