{"gridWidth":15,"gridHeight":12,"elevations":[2323,2324,2328,2333,2328,2316,2307,2301,2299,2301,2302,2294,2294,2295,2297,2349,2362,2368,2367,2361,2354,2338,2326,2325,2324,2319,2310,2308,2313,2309,2394,2406,2404,2399,2390,2382,2369,2357,2348,2338,2330,2320,2312,2310,2309,2430,2429,2420,2414,2401,2383,2366,2351,2337,2331,2326,2318,2315,2313,2313,2433,2433,2432,2434,2419,2393,2372,2356,2345,2341,2342,2333,2324,2321,2319,2439,2438,2444,2450,2439,2416,2391,2374,2369,2370,2374,2368,2353,2345,2332,2448,2450,2455,2459,2460,2442,2421,2406,2396,2400,2406,2399,2386,2365,2349,2459,2462,2464,2466,2474,2469,2456,2433,2426,2433,2443,2426,2410,2380,2353,2471,2469,2471,2474,2486,2496,2480,2459,2450,2450,2446,2426,2403,2382,2357,2482,2479,2487,2489,2493,2501,2496,2485,2463,2433,2413,2396,2384,2374,2363,2499,2501,2504,2501,2491,2488,2484,2476,2448,2409,2386,2381,2380,2377,2371,2507,2503,2497,2489,2479,2474,2472,2463,2424,2395,2386,2378,2383,2380,2374],"minElevation":2294,"maxElevation":2507,"usedBounds":{"minLat":39.328952604365824,"maxLat":39.33886949563417,"minLng":-119.88335979000001,"maxLng":-119.87053840999994}}