{"gridWidth":24,"gridHeight":17,"elevations":[262,258,261,261,256,254,250,244,244,243,242,241,240,240,241,241,239,238,240,242,241,239,240,240,267,265,272,274,264,258,254,248,244,243,242,241,240,239,241,239,238,241,239,240,240,240,241,241,272,275,275,276,269,269,262,258,252,248,243,241,240,240,240,239,240,239,240,238,240,243,241,241,279,278,274,276,273,271,268,266,261,253,247,243,241,240,241,241,239,239,238,239,242,245,242,238,284,283,278,276,280,275,269,265,258,252,252,250,249,248,242,242,242,241,240,239,240,242,241,240,309,302,292,287,282,276,271,264,256,255,255,254,254,255,250,248,248,250,249,245,242,241,240,239,316,312,305,295,287,282,278,270,269,270,265,262,260,256,254,254,253,252,253,252,252,249,243,240,312,311,313,308,297,292,291,289,284,284,281,280,275,268,264,259,261,259,255,255,252,254,251,248,311,310,314,316,312,310,314,314,312,309,303,301,293,289,283,274,269,268,264,261,253,251,250,246,310,311,316,324,328,330,329,331,331,332,327,324,318,315,309,304,290,285,281,274,261,260,265,257,322,321,325,331,337,342,341,343,346,344,341,340,334,332,330,326,318,309,297,288,279,276,275,264,325,328,334,340,347,353,356,355,359,360,355,353,348,346,344,345,340,333,318,302,297,293,283,273,333,341,344,349,353,358,366,365,364,366,367,363,358,355,356,355,350,349,339,326,317,307,293,288,342,351,354,357,361,366,373,375,373,374,374,373,368,364,363,361,358,360,355,344,334,322,314,313,349,356,364,367,369,371,373,374,376,376,375,374,372,370,370,367,365,368,368,359,349,341,340,338,354,357,365,371,371,371,378,380,384,384,380,382,380,371,369,370,369,370,371,367,361,358,354,353,351,358,366,371,377,381,386,390,391,389,382,381,381,370,371,370,371,372,373,373,370,368,364,364],"minElevation":238,"maxElevation":391,"usedBounds":{"minLat":43.49276477003638,"maxLat":43.50711722996363,"minLng":-89.52568722999999,"maxLng":-89.50590097}}