{"gridWidth":19,"gridHeight":14,"elevations":[264,253,241,230,223,222,216,205,204,200,197,197,197,197,204,223,241,258,276,278,266,259,249,247,245,240,235,229,221,217,214,206,199,197,198,207,220,238,302,288,278,266,262,261,256,253,247,240,231,223,220,220,206,197,196,196,207,315,308,301,298,289,284,278,272,265,260,251,242,233,226,219,215,205,199,197,325,326,324,320,317,314,309,299,289,277,267,256,249,238,227,216,213,211,206,341,340,336,333,330,326,320,315,307,296,280,266,263,255,242,233,226,224,221,356,358,354,350,345,336,333,325,316,311,302,288,277,269,258,251,244,242,237,368,371,369,363,353,350,343,333,328,324,319,309,300,292,282,272,265,259,252,379,381,381,377,368,361,354,348,341,333,328,317,310,306,301,288,283,277,267,383,385,387,383,380,372,363,355,349,343,336,327,316,311,304,293,292,292,289,385,393,394,388,385,381,374,365,357,345,338,335,321,316,307,297,296,297,303,383,390,393,391,387,382,375,369,359,348,344,340,328,320,313,305,298,295,299,380,384,385,384,382,379,373,369,359,353,347,340,333,327,318,306,298,295,296,373,378,382,383,380,375,370,368,360,355,349,344,337,330,324,312,300,295,296],"minElevation":196,"maxElevation":394,"usedBounds":{"minLat":41.52016852949737,"maxLat":41.531962670502665,"minLng":-75.02706854499999,"maxLng":-75.011314755}}