{"gridWidth":19,"gridHeight":15,"elevations":[149,146,144,143,145,146,144,146,147,151,154,148,146,144,144,143,145,147,148,159,150,145,144,144,144,145,147,149,156,157,154,150,145,143,142,144,145,146,167,158,151,147,145,144,144,146,151,155,156,155,153,150,146,146,148,147,149,185,168,156,148,145,145,145,144,147,152,153,151,154,155,153,148,150,151,152,197,179,163,154,149,146,146,146,148,153,155,155,152,149,151,150,153,157,163,208,190,172,165,160,155,153,153,153,155,154,155,152,152,150,154,162,176,191,224,206,193,188,179,171,166,169,164,162,162,160,160,160,160,163,182,209,232,237,223,215,216,213,202,189,184,176,176,178,181,179,172,173,172,185,215,237,250,244,235,233,237,239,232,218,203,207,215,214,211,206,205,199,192,206,230,252,253,249,248,245,251,253,241,229,231,244,239,230,228,234,231,214,207,225,253,254,254,257,253,254,255,252,242,243,251,248,238,241,244,239,225,211,223,255,253,254,259,259,259,259,256,254,255,256,249,242,249,254,243,231,223,223,252,253,252,254,259,259,257,256,257,260,261,258,254,253,250,245,248,242,230,253,254,254,257,258,254,253,250,253,257,261,261,260,260,257,255,255,247,239,257,255,254,254,252,251,249,251,251,255,259,259,254,257,256,255,259,256,252],"minElevation":142,"maxElevation":261,"usedBounds":{"minLat":39.139331424556616,"maxLat":39.1518300754434,"minLng":-84.894529935,"maxLng":-84.87841396500001}}