{"gridWidth":22,"gridHeight":16,"elevations":[515,510,509,504,495,488,483,476,462,450,438,433,432,432,436,437,438,439,442,441,442,441,516,513,511,511,504,494,488,481,474,461,444,436,434,432,431,431,435,439,441,441,440,440,528,520,518,516,512,502,494,494,482,466,452,439,438,435,432,430,433,437,437,439,439,438,531,527,521,517,518,514,503,502,490,482,466,449,441,437,438,433,432,436,436,440,439,436,527,528,525,526,526,521,513,507,501,491,481,465,451,442,441,436,431,430,434,435,435,438,529,528,529,532,533,530,524,518,508,500,494,480,463,454,444,435,431,430,430,432,435,436,535,533,536,539,535,535,533,527,518,511,498,492,479,463,446,439,434,430,430,431,435,434,537,537,539,545,542,539,539,538,529,515,509,503,489,473,455,443,434,431,430,432,433,431,542,542,545,548,547,545,542,541,534,527,521,508,495,484,467,453,438,433,430,429,429,427,546,546,545,544,544,543,547,545,540,533,519,508,496,487,479,464,447,440,434,430,427,427,540,544,544,542,539,536,539,542,540,536,528,512,499,490,482,472,460,445,434,432,430,433,547,546,549,547,542,535,534,537,535,537,537,528,513,505,496,486,475,453,434,430,431,430,558,554,552,548,546,541,534,534,534,537,539,532,524,516,507,493,479,460,443,433,429,428,561,561,558,551,545,543,538,535,532,535,534,529,527,521,511,504,496,481,456,437,430,426,562,565,564,556,547,545,543,541,535,537,532,527,524,522,517,508,503,489,470,445,432,426,560,568,569,563,557,552,545,541,541,538,529,524,519,516,513,510,503,491,477,455,436,429],"minElevation":426,"maxElevation":569,"usedBounds":{"minLat":42.056947859999994,"maxLat":42.07041534,"minLng":-79.74971957362979,"maxLng":-79.73157912637029}}