{"gridWidth":16,"gridHeight":12,"elevations":[305,309,307,299,295,294,288,287,293,298,300,301,300,302,301,300,316,316,314,309,306,303,302,298,294,296,301,304,300,296,296,299,319,318,313,313,314,312,311,305,300,299,299,300,299,295,294,297,325,321,320,323,323,317,311,307,303,300,296,296,297,296,294,293,339,336,333,333,332,323,312,308,301,296,293,292,293,293,293,293,348,350,345,344,338,334,331,326,316,308,297,289,291,295,297,297,352,359,357,356,350,349,344,339,330,319,310,299,293,295,298,298,354,359,359,357,355,357,355,352,344,331,324,309,298,297,301,300,356,360,360,358,355,352,352,351,347,340,330,325,318,310,308,305,352,357,359,358,355,350,345,344,345,344,336,335,330,325,316,312,345,347,353,354,352,345,339,338,339,339,338,335,334,332,327,320,340,345,350,351,345,343,343,346,341,335,330,331,334,334,331,327],"minElevation":287,"maxElevation":360,"usedBounds":{"minLat":45.34436844891283,"maxLat":45.35399745108718,"minLng":-92.62655461,"maxLng":-92.61285339}}