{"gridWidth":14,"gridHeight":11,"elevations":[208,205,205,211,214,214,216,219,220,216,204,197,200,215,194,193,200,200,197,196,198,200,196,196,196,202,218,232,177,182,187,183,175,175,181,183,186,193,207,218,239,248,161,167,169,165,167,175,181,190,193,199,213,235,254,254,153,158,157,158,174,192,194,199,202,208,220,250,263,257,142,142,149,162,180,203,211,218,222,221,232,253,263,254,143,145,151,164,187,211,225,232,229,226,231,250,254,242,140,143,148,164,190,215,234,236,232,232,235,240,238,231,135,137,143,161,188,213,230,231,227,227,232,226,224,224,134,135,140,156,182,205,223,226,225,223,225,218,212,221,134,135,137,147,172,199,218,220,219,218,218,211,211,219],"minElevation":134,"maxElevation":263,"usedBounds":{"minLat":41.50331806658086,"maxLat":41.512328233419126,"minLng":-73.58618068000001,"maxLng":-73.57414891999991}}