{"gridWidth":20,"gridHeight":13,"elevations":[774,781,778,770,757,747,742,737,729,723,720,714,703,683,667,680,700,713,727,730,782,788,781,765,753,743,734,725,713,708,707,704,697,679,660,663,677,692,703,708,784,784,779,767,753,741,730,717,698,689,686,679,678,668,653,649,662,679,689,695,793,789,782,772,755,741,731,720,705,696,680,661,656,647,640,643,657,665,673,680,780,778,772,763,754,745,734,725,717,706,694,678,664,654,638,632,644,661,670,672,753,751,748,744,737,733,727,718,712,704,695,682,665,651,639,626,633,648,652,648,740,736,732,729,724,720,715,707,700,693,687,678,663,650,637,624,620,627,634,636,727,723,718,714,712,706,698,691,685,678,672,665,658,647,631,619,622,636,647,654,710,706,704,703,696,687,676,668,661,657,653,645,637,624,618,627,643,654,663,674,691,693,694,691,684,678,669,660,649,637,629,625,619,609,619,641,659,672,683,693,683,690,692,689,684,682,676,670,661,650,641,622,608,604,622,649,667,681,694,700,687,689,690,688,687,687,687,683,676,669,664,646,618,603,621,647,665,673,677,683,684,682,683,690,692,690,687,683,676,669,665,655,628,607,611,628,641,644,644,648],"minElevation":603,"maxElevation":793,"usedBounds":{"minLat":51.158484565,"maxLat":51.16898193500001,"minLng":8.481755986220104,"maxLng":8.498495613779898}}