{"gridWidth":17,"gridHeight":14,"elevations":[2614,2602,2591,2586,2580,2563,2545,2537,2520,2506,2496,2493,2500,2508,2530,2571,2616,2631,2617,2608,2602,2600,2579,2563,2556,2548,2531,2513,2504,2499,2497,2509,2548,2593,2647,2636,2629,2620,2616,2595,2578,2568,2563,2551,2535,2521,2511,2505,2504,2527,2564,2668,2656,2650,2642,2627,2608,2599,2597,2593,2579,2559,2545,2534,2526,2511,2515,2550,2689,2685,2679,2661,2643,2637,2636,2627,2618,2602,2585,2568,2552,2539,2520,2511,2534,2712,2714,2701,2685,2675,2672,2665,2653,2647,2630,2605,2588,2569,2552,2533,2517,2516,2745,2734,2724,2716,2711,2701,2694,2683,2669,2648,2624,2606,2590,2571,2557,2540,2524,2764,2756,2753,2756,2749,2736,2724,2712,2692,2668,2650,2638,2625,2610,2592,2577,2554,2792,2786,2788,2792,2783,2768,2757,2735,2712,2695,2687,2677,2665,2647,2625,2606,2584,2823,2829,2829,2825,2812,2795,2772,2750,2734,2724,2714,2696,2674,2654,2638,2621,2606,2864,2864,2861,2851,2827,2801,2774,2753,2744,2732,2723,2705,2685,2665,2644,2627,2609,2898,2890,2880,2863,2832,2802,2778,2763,2755,2741,2726,2710,2697,2683,2658,2630,2608,2914,2907,2891,2865,2833,2808,2792,2776,2762,2746,2737,2723,2706,2691,2666,2636,2614,2928,2923,2900,2872,2844,2827,2812,2793,2778,2761,2746,2727,2711,2692,2666,2641,2626],"minElevation":2493,"maxElevation":2928,"usedBounds":{"minLat":36.143749920000005,"maxLat":36.155412479999995,"minLng":-105.5595700307716,"maxLng":-105.54512686922837}}