{"gridWidth":9,"gridHeight":6,"elevations":[411,411,418,432,438,439,441,435,425,411,412,419,432,442,450,448,435,427,411,415,417,421,431,450,454,440,426,419,417,417,420,433,447,447,437,426,418,416,419,426,436,441,438,434,428,419,420,421,426,437,440,434,432,428],"minElevation":411,"maxElevation":454,"usedBounds":{"minLat":47.65584167565318,"maxLat":47.66101182434683,"minLng":-94.88068158999994,"maxLng":-94.87300560999995}}