{"gridWidth":24,"gridHeight":18,"elevations":[258,257,258,261,259,260,260,261,261,262,263,263,265,265,266,265,262,260,259,259,258,258,258,257,258,258,256,258,259,259,260,261,263,264,263,264,267,266,264,266,266,263,259,259,258,257,257,257,258,257,258,260,260,261,265,269,271,273,274,274,275,275,274,276,278,273,267,262,260,258,258,258,258,257,260,262,260,262,271,272,271,275,277,278,279,280,280,280,281,279,272,263,259,257,258,258,259,260,260,261,262,265,272,275,275,278,280,282,283,284,284,285,284,281,271,261,257,256,258,257,260,262,261,261,264,269,277,281,283,283,286,286,284,284,284,284,282,279,271,259,257,257,257,256,258,259,260,265,272,273,276,278,278,278,279,278,278,278,280,279,274,270,265,260,258,256,257,259,256,257,259,266,269,269,272,272,272,272,275,275,275,273,271,270,266,262,259,259,258,257,257,257,256,256,259,263,264,265,269,268,269,270,269,271,270,269,267,266,264,261,259,259,258,258,257,258,256,256,256,258,263,264,269,269,268,268,268,269,268,267,266,263,261,259,256,257,257,257,258,257,256,256,256,256,257,263,268,271,269,267,268,269,268,266,265,260,260,261,260,257,256,257,259,257,256,256,256,256,256,258,267,272,268,265,266,270,268,265,264,263,263,262,263,261,259,258,259,257,256,256,256,256,256,256,263,268,266,265,268,272,271,267,268,271,270,265,262,262,262,261,260,259,256,256,256,256,256,256,263,269,267,265,269,272,270,269,270,272,270,263,260,259,259,259,263,263,256,256,256,256,256,258,267,271,273,270,269,271,270,271,273,273,270,264,260,258,258,259,262,265,256,256,256,256,256,264,270,273,271,267,266,268,267,265,268,271,268,262,260,258,258,259,260,264,256,256,256,256,256,260,264,266,262,260,261,261,260,259,258,258,259,258,257,256,258,261,259,263,256,256,256,256,256,256,257,257,256,257,256,256,256,256,256,256,256,256,256,256,256,259,261,263],"minElevation":256,"maxElevation":286,"usedBounds":{"minLat":42.970521149999996,"maxLat":42.98511104999997,"minLng":-89.24480428615385,"maxLng":-89.2248623138461}}