{"gridWidth":12,"gridHeight":10,"elevations":[2630,2609,2586,2569,2557,2549,2539,2530,2527,2531,2536,2536,2662,2626,2597,2581,2567,2558,2549,2535,2524,2523,2526,2530,2681,2647,2628,2607,2587,2571,2557,2541,2532,2525,2520,2519,2702,2684,2664,2632,2602,2580,2565,2559,2543,2532,2526,2520,2703,2701,2686,2652,2624,2610,2599,2584,2561,2545,2536,2525,2687,2689,2690,2676,2659,2651,2635,2600,2575,2568,2560,2544,2664,2670,2682,2692,2691,2681,2654,2621,2604,2601,2581,2558,2645,2655,2672,2689,2703,2696,2675,2651,2641,2637,2615,2586,2628,2640,2658,2670,2686,2690,2686,2681,2679,2669,2648,2623,2615,2626,2641,2646,2659,2668,2670,2678,2689,2691,2679,2659],"minElevation":2519,"maxElevation":2703,"usedBounds":{"minLat":37.29269517000003,"maxLat":37.30064103000002,"minLng":-108.06235365044492,"maxLng":-108.0523652495551}}