{"gridWidth":26,"gridHeight":20,"elevations":[143,138,139,141,139,137,135,136,137,136,137,138,138,139,139,140,141,141,139,139,139,142,142,141,141,139,141,140,142,138,138,137,138,140,140,139,137,139,139,139,140,142,142,144,144,144,141,143,145,147,151,151,138,140,140,138,139,140,139,139,139,141,140,141,139,140,140,140,143,147,152,152,149,150,156,162,162,156,137,136,135,134,135,137,139,140,142,144,143,140,140,142,143,146,152,156,159,159,160,165,167,173,172,173,137,137,135,135,137,139,140,140,142,142,143,142,144,145,150,158,167,168,168,167,166,168,174,178,180,182,136,136,135,137,135,137,139,143,145,147,150,150,152,157,162,166,172,175,174,176,174,177,184,189,192,194,136,135,135,137,138,139,145,151,154,155,160,160,160,166,173,176,180,184,187,190,187,186,193,201,204,206,136,135,138,142,148,153,158,163,167,170,174,177,175,177,183,186,192,198,204,207,208,204,206,214,219,222,140,145,151,156,159,166,173,175,179,182,188,192,198,199,196,203,215,218,221,232,232,233,230,232,243,252,160,163,168,171,175,181,187,191,193,197,200,214,234,240,229,228,238,248,248,253,261,265,263,261,269,279,176,181,186,189,194,204,205,215,231,239,230,243,265,270,259,253,260,270,276,282,294,297,293,293,302,311,200,211,220,224,233,242,241,248,269,274,255,257,283,295,291,281,285,296,307,315,321,325,329,330,335,342,249,251,259,275,290,296,291,287,300,296,278,282,306,316,315,312,317,325,333,340,344,352,362,362,363,369,297,298,297,310,327,330,328,325,325,314,303,308,324,336,342,341,343,350,356,365,373,383,392,394,392,396,337,338,336,341,351,353,354,358,355,346,336,337,347,361,370,374,371,375,381,390,398,410,421,425,429,430,369,374,374,375,382,380,374,379,380,372,364,365,374,388,401,412,411,412,416,418,425,433,445,449,452,455,381,383,387,388,392,390,391,396,394,389,387,387,395,407,422,436,441,443,445,449,452,453,458,463,465,468,390,394,396,397,399,403,409,415,417,417,412,407,412,423,434,444,451,455,459,463,467,464,461,461,465,467,406,409,409,410,415,424,435,440,441,435,431,431,428,433,442,446,453,457,460,464,464,462,461,460,461,464,417,418,419,420,425,436,440,442,441,437,434,430,426,430,435,438,444,450,453,457,459,456,453,454,455,454],"minElevation":134,"maxElevation":468,"usedBounds":{"minLat":40.807238319999996,"maxLat":40.82375508,"minLng":-75.52422847189388,"maxLng":-75.5024045281061}}