{"gridWidth":25,"gridHeight":17,"elevations":[403,401,398,397,400,410,428,439,435,426,426,427,428,427,412,396,396,396,400,414,429,433,439,443,437,400,404,403,405,410,416,422,428,429,422,422,422,422,422,421,414,410,411,416,422,426,428,433,432,428,398,398,398,399,404,412,418,421,420,418,418,418,417,416,415,416,415,413,413,415,416,415,415,415,412,402,401,401,402,404,407,410,411,410,410,410,410,409,407,406,408,408,407,406,405,407,411,411,411,409,405,409,409,408,407,407,408,409,408,409,410,407,405,404,404,403,406,411,415,419,421,424,425,420,419,415,417,419,419,417,413,410,408,408,408,410,410,410,410,408,406,408,414,421,423,421,424,425,423,424,421,421,422,421,418,414,413,411,410,409,411,408,406,404,404,403,404,407,410,415,412,417,420,422,422,427,427,427,428,426,427,425,422,427,427,428,427,416,405,401,400,403,409,411,412,409,411,415,419,420,431,430,432,439,445,444,435,431,437,444,441,439,435,426,414,409,414,418,419,420,413,414,419,423,424,436,434,431,434,446,447,443,439,442,451,454,452,454,446,433,424,424,426,426,429,427,424,425,427,428,438,434,428,429,439,441,440,443,445,450,455,456,458,452,441,436,432,432,429,428,427,426,427,427,428,439,432,429,433,435,435,435,441,443,445,448,451,455,454,450,445,443,440,438,437,435,432,431,432,433,441,436,435,441,437,435,434,436,438,439,442,447,452,455,457,456,455,453,449,446,445,445,445,441,438,444,449,452,454,452,450,447,439,437,440,444,451,457,460,460,458,458,455,451,449,450,449,449,450,451,441,443,449,453,453,451,447,445,446,446,446,449,456,459,459,460,458,454,452,452,448,446,447,449,447,435,442,449,450,452,452,449,447,446,445,443,446,451,456,459,464,461,453,451,449,447,444,438,438,435,426,433,442,448,450,449,446,444,442,442,442,446,449,451,456,459,456,451,447,445,443,437,432,433,431],"minElevation":396,"maxElevation":464,"usedBounds":{"minLat":47.276676138115974,"maxLat":47.29077156188403,"minLng":-93.46040941000001,"maxLng":-93.43963099000001}}