{"gridWidth":22,"gridHeight":16,"elevations":[458,454,449,442,433,428,418,404,387,375,371,360,348,340,331,321,311,309,309,306,304,300,469,464,455,448,443,436,424,408,393,380,366,353,350,339,331,320,311,308,308,308,307,302,469,469,463,455,450,444,427,412,395,380,362,351,348,339,332,321,309,308,311,312,308,301,466,469,466,460,458,450,434,416,402,380,364,354,347,340,331,323,319,315,313,312,305,300,469,473,470,460,457,452,443,423,405,383,370,358,354,344,336,332,322,314,312,309,303,303,469,469,467,460,453,449,445,431,413,388,368,357,352,349,343,336,327,315,310,306,304,305,472,468,465,464,459,451,448,438,417,393,375,367,359,352,348,342,331,325,317,306,302,303,468,463,460,458,454,452,449,442,427,408,386,372,359,354,347,341,333,326,319,308,302,301,463,459,457,454,451,453,452,443,432,413,387,372,359,349,339,336,329,328,324,313,308,305,466,463,459,455,455,454,455,451,435,414,394,375,362,355,347,337,329,328,330,320,315,306,466,465,461,456,457,457,457,452,443,424,405,386,368,359,352,347,337,329,332,329,324,311,470,467,463,459,460,459,455,450,445,433,415,395,375,360,352,349,345,336,333,329,325,314,475,472,468,462,461,459,456,449,442,429,416,398,377,361,350,346,344,337,330,327,326,317,474,474,471,466,461,456,452,448,442,431,418,403,388,370,359,355,351,342,334,329,327,319,475,471,469,465,461,454,451,449,444,433,420,404,392,377,369,361,352,345,335,329,324,317,480,474,470,465,463,460,456,450,443,437,427,409,393,381,374,365,355,347,339,332,326,320],"minElevation":300,"maxElevation":480,"usedBounds":{"minLat":42.67000042000001,"maxLat":42.68364678000003,"minLng":-78.70521990343806,"maxLng":-78.68665819656192}}