{"gridWidth":23,"gridHeight":17,"elevations":[273,268,266,264,263,260,254,258,264,267,269,271,270,268,270,271,273,275,279,279,279,278,277,266,267,267,265,263,261,255,261,264,265,270,274,273,271,271,274,277,279,282,283,282,281,281,261,266,270,267,264,254,253,264,266,266,269,272,271,272,273,275,278,280,282,282,283,284,285,265,271,274,271,264,256,248,258,265,267,270,272,275,276,277,278,279,279,279,279,278,281,283,260,266,267,264,260,254,248,259,266,268,271,275,278,280,284,284,284,282,280,279,279,279,281,261,265,264,259,249,245,257,268,267,268,273,280,290,291,295,296,293,287,280,279,279,278,281,255,247,241,239,241,252,261,263,265,268,277,288,297,299,300,300,295,288,280,278,281,281,283,235,235,239,246,256,263,264,263,263,270,280,292,300,300,302,300,291,284,281,279,281,282,282,236,252,258,259,260,261,261,263,267,273,282,295,301,300,301,296,289,283,279,277,279,279,280,236,250,258,257,255,255,259,266,271,276,283,293,298,299,301,297,289,285,277,270,272,274,279,228,240,251,256,258,259,263,265,269,276,280,286,294,300,298,288,283,284,278,267,268,271,274,217,227,234,241,252,259,263,262,264,269,271,272,280,287,285,280,279,277,272,267,267,267,268,213,214,217,227,237,244,251,258,262,265,269,268,264,268,272,275,271,263,262,264,268,269,267,214,213,214,221,223,227,237,251,259,264,266,264,257,262,263,260,258,260,266,268,274,281,279,213,213,214,217,221,222,229,238,243,248,254,250,251,253,254,257,260,263,269,273,275,281,286,212,213,214,214,218,222,227,230,234,237,242,248,256,265,266,264,265,268,271,277,278,279,285,210,212,214,215,216,219,225,226,231,242,256,259,264,266,265,265,266,270,272,275,278,279,282],"minElevation":210,"maxElevation":302,"usedBounds":{"minLat":44.928658666413895,"maxLat":44.94242833358609,"minLng":-93.02736499000002,"maxLng":-93.00791361}}