{"gridWidth":26,"gridHeight":18,"elevations":[462,458,451,449,452,451,447,445,447,448,446,443,441,441,441,441,441,441,441,441,442,446,453,457,466,475,460,460,461,462,462,458,452,444,442,441,441,441,441,441,441,441,441,441,441,441,441,441,441,444,454,462,461,469,479,480,474,466,454,444,441,441,441,442,442,446,452,456,459,460,456,448,441,441,441,441,442,446,470,476,482,481,473,464,453,448,449,449,450,459,465,468,473,482,489,493,481,466,449,441,441,441,441,446,469,473,476,475,474,467,460,459,464,470,478,489,491,492,500,506,503,500,487,470,452,445,445,445,447,453,468,474,477,480,479,476,476,482,484,488,499,509,512,510,512,518,510,502,487,468,453,451,453,453,451,450,469,475,482,489,488,488,490,501,506,510,517,520,517,516,516,517,510,506,495,474,457,456,460,458,453,452,472,482,491,494,492,496,506,514,522,530,535,533,522,512,509,511,509,500,495,483,462,462,467,465,461,454,487,490,492,496,497,506,517,525,534,538,538,537,527,510,497,497,498,489,487,486,468,457,463,462,456,453,502,499,497,501,505,513,524,529,534,536,531,524,515,505,494,482,482,482,479,476,463,452,455,456,455,452,518,517,512,510,512,518,524,529,528,526,520,517,514,511,500,478,472,468,465,462,455,451,451,451,451,448,527,526,523,522,523,520,521,527,526,524,525,527,525,513,489,467,458,452,453,451,450,450,449,451,448,445,524,524,523,523,527,526,523,522,521,524,528,522,508,488,465,453,448,446,446,448,450,450,452,455,453,449,520,521,520,523,525,522,516,510,509,508,507,496,484,471,455,446,446,449,448,448,448,448,455,456,453,451,515,516,521,521,516,506,498,493,491,489,485,480,471,462,449,443,448,452,452,449,445,447,450,453,456,454,504,503,506,503,498,489,480,477,475,473,470,468,460,450,444,445,447,447,448,445,443,442,443,448,451,449,488,484,484,483,476,469,466,466,464,464,462,457,451,451,451,449,445,441,443,443,444,443,440,442,444,440,476,471,469,467,464,460,458,457,456,454,453,448,449,451,450,446,443,442,442,440,441,438,437,437,436,435],"minElevation":435,"maxElevation":538,"usedBounds":{"minLat":46.39656829000002,"maxLat":46.411668309999996,"minLng":-90.41442405653841,"maxLng":-90.39252624346163}}