{"gridWidth":14,"gridHeight":10,"elevations":[2255,2247,2239,2234,2218,2198,2174,2147,2129,2107,2080,2064,2050,2049,2258,2256,2239,2225,2205,2192,2172,2148,2133,2108,2083,2064,2053,2050,2252,2247,2230,2219,2203,2184,2158,2142,2126,2104,2081,2064,2055,2049,2248,2236,2227,2218,2198,2172,2145,2129,2117,2103,2081,2067,2060,2056,2250,2239,2230,2214,2187,2157,2133,2117,2111,2101,2082,2068,2065,2064,2251,2244,2231,2205,2177,2150,2133,2124,2124,2112,2092,2073,2073,2071,2257,2251,2240,2220,2193,2168,2148,2145,2135,2118,2094,2082,2082,2085,2259,2256,2240,2221,2202,2176,2164,2161,2145,2128,2104,2093,2098,2100,2259,2250,2223,2199,2181,2164,2154,2155,2148,2134,2109,2103,2116,2130,2260,2247,2216,2186,2168,2153,2142,2143,2140,2128,2113,2113,2129,2142],"minElevation":2049,"maxElevation":2260,"usedBounds":{"minLat":42.18198050000001,"maxLat":42.1903317,"minLng":-114.29582778962212,"maxLng":-114.28455711037792}}