{"gridWidth":20,"gridHeight":14,"elevations":[204,206,206,207,209,209,208,203,203,202,200,198,197,197,199,202,201,199,194,188,202,200,198,201,205,204,204,204,203,202,197,195,193,192,192,194,194,195,191,186,193,193,195,197,201,203,204,204,204,203,199,193,191,187,186,185,183,187,185,183,185,188,193,194,196,201,203,204,201,197,196,199,193,184,179,180,183,180,178,179,180,181,183,187,191,200,202,200,196,195,198,200,192,185,178,178,180,175,169,171,170,172,175,183,190,195,195,193,192,192,194,193,189,184,182,179,174,169,165,163,166,168,176,183,184,190,190,187,189,189,189,187,185,180,173,169,175,168,166,159,168,171,179,180,180,184,185,185,186,184,185,181,181,176,169,165,165,159,155,152,171,177,180,184,183,183,182,184,186,182,180,177,176,172,166,158,152,151,151,151,160,177,185,186,184,186,188,189,186,179,176,170,166,166,158,152,151,151,151,151,153,165,175,180,184,188,190,189,186,180,173,169,161,155,151,151,151,151,151,151,151,154,162,174,184,189,191,191,191,185,175,162,157,151,151,151,151,151,151,151,151,151,151,167,182,187,188,190,188,184,180,167,154,151,151,151,151,151,151,151,151,151,152,169,181,186,186,187,185,183,178,169,151,151,151,151,151,151,151,151],"minElevation":151,"maxElevation":209,"usedBounds":{"minLat":43.57581735999999,"maxLat":43.58769364000001,"minLng":-71.23576556903767,"maxLng":-71.21937073096232}}