{"gridWidth":12,"gridHeight":9,"elevations":[212,215,219,217,215,213,214,214,214,214,218,222,217,220,224,224,224,219,211,209,211,211,212,214,212,216,218,222,224,215,214,215,213,211,211,212,215,214,214,217,217,222,225,229,224,219,217,217,228,224,223,228,227,230,235,245,243,232,227,228,239,246,250,246,243,245,257,265,254,240,234,232,247,253,259,256,255,255,258,260,250,245,241,241,249,256,259,263,262,256,250,248,245,245,241,247,243,250,254,259,257,253,244,242,241,238,244,254],"minElevation":209,"maxElevation":265,"usedBounds":{"minLat":43.04764594928013,"maxLat":43.055249550719886,"minLng":-85.509390715,"maxLng":-85.498985385}}