{"gridWidth":20,"gridHeight":14,"elevations":[286,278,276,284,282,275,273,269,270,264,264,266,264,264,265,262,257,253,254,257,272,265,266,268,262,255,255,254,253,250,248,251,254,251,247,248,246,248,247,249,274,264,257,253,250,246,247,245,243,239,238,237,237,237,235,234,236,239,240,243,271,262,255,251,248,247,245,243,242,239,238,237,237,237,237,238,246,248,250,249,263,262,261,259,257,255,252,249,249,253,249,252,258,257,258,254,263,273,276,278,270,269,271,272,277,276,276,277,276,275,274,279,287,293,286,272,273,284,290,288,276,281,284,289,296,299,304,302,302,306,306,312,318,323,317,306,294,297,301,304,284,296,306,312,316,318,321,323,327,333,332,338,339,336,336,320,310,312,317,319,292,295,312,322,335,337,343,344,348,348,349,349,347,345,348,334,328,326,328,326,305,302,309,321,336,347,355,363,363,358,358,357,357,355,355,345,337,332,330,331,323,327,315,316,330,347,359,372,374,371,373,375,367,357,354,348,339,330,328,329,338,338,336,322,322,339,348,358,365,372,380,382,370,356,349,339,334,333,333,330,338,339,338,323,318,322,335,348,360,366,362,359,351,343,342,344,345,345,346,340,333,334,333,330,326,325,332,342,346,349,346,347,342,345,350,352,353,351,351,353],"minElevation":234,"maxElevation":382,"usedBounds":{"minLat":46.49921593226297,"maxLat":46.510868267737024,"minLng":-87.42755889,"maxLng":-87.41062951}}