{"gridWidth":15,"gridHeight":13,"elevations":[2593,2568,2557,2566,2585,2622,2648,2614,2569,2533,2507,2493,2491,2511,2520,2620,2622,2616,2620,2639,2663,2668,2626,2582,2550,2530,2530,2538,2552,2564,2631,2668,2685,2682,2682,2679,2664,2632,2602,2567,2546,2544,2549,2551,2561,2655,2701,2709,2687,2670,2653,2631,2610,2588,2556,2547,2549,2544,2542,2538,2684,2715,2699,2670,2647,2626,2614,2603,2583,2572,2581,2583,2577,2566,2557,2718,2715,2687,2672,2662,2654,2638,2619,2609,2621,2630,2626,2614,2609,2599,2734,2719,2709,2702,2694,2680,2659,2629,2631,2656,2678,2671,2652,2638,2615,2750,2751,2751,2736,2709,2686,2659,2645,2657,2679,2700,2695,2674,2648,2626,2772,2782,2767,2735,2701,2683,2683,2690,2694,2710,2718,2710,2690,2679,2670,2786,2785,2761,2732,2717,2718,2727,2733,2734,2745,2747,2737,2725,2717,2698,2787,2786,2772,2761,2753,2755,2762,2765,2764,2758,2752,2754,2743,2719,2686,2784,2788,2786,2779,2775,2770,2765,2764,2748,2724,2715,2728,2730,2709,2674,2772,2779,2781,2782,2775,2759,2736,2733,2721,2692,2675,2694,2703,2677,2652],"minElevation":2491,"maxElevation":2788,"usedBounds":{"minLat":32.43964782907795,"maxLat":32.45012297092206,"minLng":-110.78921293,"maxLng":-110.77680026999995}}