{"gridWidth":12,"gridHeight":10,"elevations":[1174,1183,1188,1193,1206,1235,1262,1280,1302,1321,1332,1355,1209,1215,1227,1225,1215,1222,1253,1283,1307,1328,1345,1366,1252,1256,1253,1259,1256,1238,1236,1261,1282,1307,1337,1373,1263,1271,1277,1281,1280,1257,1244,1253,1274,1302,1335,1367,1245,1270,1296,1308,1301,1281,1262,1260,1272,1295,1323,1355,1251,1272,1307,1327,1318,1300,1286,1278,1275,1292,1315,1343,1278,1282,1307,1331,1336,1328,1317,1305,1292,1307,1321,1341,1308,1310,1326,1349,1364,1363,1348,1331,1322,1330,1343,1364,1332,1336,1349,1373,1393,1393,1375,1361,1350,1353,1366,1385,1319,1334,1360,1381,1400,1395,1371,1361,1358,1357,1373,1383],"minElevation":1174,"maxElevation":1400,"usedBounds":{"minLat":35.946948434999996,"maxLat":35.95519446499999,"minLng":-82.51241166865718,"maxLng":-82.50222533134287}}