{"gridWidth":22,"gridHeight":16,"elevations":[412,409,405,398,394,382,375,386,387,392,394,390,383,372,353,340,332,326,325,325,324,329,416,412,407,406,395,385,390,399,400,396,393,391,384,361,345,335,331,325,327,328,326,327,417,415,416,412,406,408,406,402,399,392,382,378,373,356,342,332,329,326,324,324,323,325,413,412,413,411,411,411,409,404,400,397,386,372,358,346,337,330,327,326,325,323,323,325,413,411,412,407,405,408,407,408,410,404,393,383,366,354,343,335,330,328,326,328,330,329,413,412,411,408,408,399,397,400,402,397,387,373,361,351,343,339,336,331,328,338,341,335,413,414,416,415,414,409,400,388,384,384,380,375,367,357,345,336,330,326,327,331,335,335,414,415,415,415,411,406,399,393,396,403,394,388,378,362,346,339,334,329,330,334,337,337,413,414,415,412,408,406,403,399,404,404,394,384,372,361,351,344,336,334,338,342,340,340,416,416,416,413,406,403,402,402,407,406,392,377,364,355,348,341,339,341,341,347,350,353,418,417,417,414,407,401,400,401,400,396,389,375,362,354,346,342,351,359,359,357,363,368,412,414,413,410,405,404,402,404,401,394,389,377,363,355,350,354,367,378,376,375,377,380,411,411,409,410,411,408,404,404,403,399,396,383,369,363,363,365,373,383,382,383,389,396,411,408,409,412,412,409,405,400,399,398,391,382,375,373,376,372,372,383,388,390,395,396,408,410,409,411,414,410,403,399,401,399,394,390,390,387,386,381,375,381,389,394,398,400,409,413,411,410,411,410,405,404,407,405,401,400,397,394,388,386,377,379,387,395,403,405],"minElevation":323,"maxElevation":418,"usedBounds":{"minLat":45.030879780000014,"maxLat":45.04396142000001,"minLng":-84.66157976364453,"maxLng":-84.6430674363554}}