{"gridWidth":11,"gridHeight":8,"elevations":[628,630,633,630,619,603,590,581,568,563,571,637,636,639,631,616,603,590,579,570,571,581,642,637,631,624,613,604,590,581,574,573,580,656,648,638,632,620,604,598,593,586,581,581,676,664,648,638,626,620,615,610,604,595,589,686,676,662,646,637,633,630,618,608,600,595,684,674,665,657,644,636,629,621,614,609,606,687,686,684,675,663,651,637,629,625,622,620],"minElevation":563,"maxElevation":687,"usedBounds":{"minLat":46.62229947348397,"maxLat":46.628727226516055,"minLng":-100.73068774000001,"maxLng":-100.72132825999992}}