{"gridWidth":26,"gridHeight":19,"elevations":[251,251,250,252,254,263,278,293,299,296,283,275,276,280,284,294,309,314,315,312,309,309,308,306,298,291,253,252,248,251,263,279,300,309,309,302,293,280,278,280,287,299,312,317,319,319,313,308,306,303,297,288,253,252,251,257,269,285,296,300,301,299,294,288,282,284,290,299,310,317,321,322,320,319,316,308,299,291,251,252,255,267,278,286,297,298,299,293,291,291,291,287,288,294,300,308,318,326,328,322,318,309,304,304,252,255,269,282,289,291,304,304,308,309,308,304,301,297,290,290,297,308,320,329,330,328,330,328,325,319,257,266,282,295,299,301,305,313,317,323,326,324,312,308,302,293,294,305,317,331,336,338,334,332,329,316,272,287,302,309,308,305,308,313,319,328,337,339,331,322,313,302,295,298,314,322,329,336,332,324,317,297,288,305,315,311,302,296,301,305,315,327,336,342,338,330,322,313,298,293,300,308,315,328,329,313,293,273,293,305,310,311,309,296,289,302,310,316,330,342,343,329,321,318,303,292,288,293,301,309,307,291,270,254,286,300,311,312,307,292,287,291,296,308,325,335,335,325,316,310,307,301,291,284,284,290,284,270,255,249,283,295,310,312,303,292,285,282,289,300,312,330,330,316,305,302,311,310,303,294,282,276,268,257,254,253,272,285,300,310,310,299,282,277,285,292,307,320,319,303,294,289,295,299,306,303,284,269,260,253,251,250,265,273,283,294,303,301,286,274,273,283,301,312,310,305,296,282,280,283,288,283,267,254,248,247,247,246,258,262,267,274,281,288,286,272,269,277,296,303,308,314,308,293,276,269,267,263,251,243,241,240,242,245,257,259,258,259,265,267,271,268,265,268,280,290,297,313,313,301,282,265,252,251,247,243,241,242,243,245,251,252,255,258,259,262,262,259,260,260,265,275,282,296,306,293,272,255,246,248,245,244,245,245,246,244,257,256,254,257,256,257,259,258,260,260,261,263,265,274,278,274,259,243,243,245,244,240,242,244,243,242,251,250,251,254,255,253,257,253,256,257,256,256,260,261,261,257,253,245,245,245,243,240,241,242,243,243,246,245,247,248,246,245,250,248,249,249,250,253,254,253,253,253,247,247,245,245,242,245,243,244,247,246],"minElevation":240,"maxElevation":343,"usedBounds":{"minLat":44.51603458,"maxLat":44.53162002,"minLng":-86.00804291105774,"maxLng":-85.98618268894225}}