{"gridWidth":23,"gridHeight":18,"elevations":[3036,3031,3029,3019,3033,3037,3029,3018,3013,3013,3000,2983,2962,2931,2905,2878,2860,2851,2842,2838,2829,2821,2816,3035,3012,2995,2989,2992,2985,2978,2970,2967,2964,2963,2952,2932,2911,2889,2867,2858,2853,2836,2828,2820,2811,2807,3059,3029,2997,2975,2964,2956,2948,2936,2932,2930,2921,2917,2901,2885,2874,2857,2850,2844,2834,2825,2820,2814,2806,3036,3012,3002,3003,2998,2988,2973,2956,2941,2930,2921,2910,2902,2890,2884,2868,2858,2848,2839,2842,2836,2825,2821,3032,3033,3045,3052,3047,3031,3014,2999,2978,2969,2957,2948,2937,2923,2906,2889,2873,2860,2857,2854,2846,2837,2830,3084,3085,3093,3094,3083,3064,3050,3036,3022,3007,2997,2987,2975,2951,2927,2908,2893,2878,2871,2861,2851,2841,2836,3131,3135,3133,3124,3112,3097,3088,3071,3058,3043,3034,3020,3000,2969,2946,2922,2903,2889,2872,2860,2851,2848,2846,3165,3176,3167,3153,3139,3131,3119,3106,3093,3078,3062,3045,3019,2984,2952,2930,2909,2891,2875,2871,2861,2855,2848,3183,3198,3196,3179,3166,3158,3151,3138,3128,3106,3085,3060,3026,2995,2966,2940,2921,2906,2895,2881,2870,2860,2854,3200,3214,3217,3208,3196,3190,3178,3165,3146,3122,3098,3068,3035,3005,2975,2954,2932,2917,2903,2888,2874,2864,2857,3219,3232,3240,3234,3222,3214,3200,3178,3153,3125,3098,3071,3041,3013,2986,2960,2939,2920,2906,2892,2880,2865,2857,3237,3253,3262,3254,3243,3236,3218,3189,3158,3129,3101,3075,3050,3022,2994,2966,2943,2921,2904,2895,2883,2871,2861,3251,3271,3284,3275,3259,3239,3217,3192,3163,3134,3106,3083,3058,3026,3000,2968,2943,2928,2910,2902,2891,2882,2867,3259,3278,3290,3278,3254,3230,3209,3184,3156,3136,3112,3083,3049,3017,2991,2965,2944,2927,2914,2904,2895,2887,2874,3266,3281,3290,3275,3244,3217,3188,3161,3137,3114,3089,3060,3032,3005,2979,2961,2947,2936,2920,2911,2903,2895,2878,3280,3290,3294,3271,3238,3200,3172,3141,3112,3093,3067,3045,3026,3011,2998,2985,2968,2951,2930,2918,2907,2897,2886,3296,3299,3294,3273,3243,3198,3169,3148,3126,3105,3088,3066,3054,3046,3028,3009,2988,2968,2947,2930,2913,2901,2892,3305,3309,3299,3279,3254,3225,3203,3179,3154,3132,3116,3099,3086,3072,3053,3032,3008,2988,2967,2944,2920,2909,2898],"minElevation":2806,"maxElevation":3309,"usedBounds":{"minLat":37.336129448128105,"maxLat":37.35106995187189,"minLng":-105.14017639999994,"maxLng":-105.12138359999997}}