{"gridWidth":15,"gridHeight":11,"elevations":[419,430,442,451,462,469,472,468,456,452,438,419,393,380,379,440,454,462,467,474,476,474,470,462,455,438,418,395,382,381,458,469,476,482,483,483,479,474,466,455,435,417,394,380,379,475,483,487,488,490,488,480,474,465,450,429,409,388,380,378,491,497,499,496,499,496,482,471,462,449,429,405,387,380,379,510,515,514,511,507,498,484,471,462,446,427,404,388,381,379,524,533,534,527,515,503,485,471,459,444,422,400,385,380,378,534,541,540,536,529,517,497,478,462,446,423,402,385,380,378,540,545,547,549,544,528,508,484,464,444,423,400,384,378,376,541,545,548,551,551,539,515,491,470,444,423,401,386,380,377,540,544,548,549,550,546,526,497,477,453,426,404,386,380,377],"minElevation":376,"maxElevation":551,"usedBounds":{"minLat":42.821960345,"maxLat":42.830896155,"minLng":-75.97062270778514,"maxLng":-75.95843889221493}}