{"gridWidth":16,"gridHeight":13,"elevations":[2726,2718,2697,2670,2634,2590,2563,2553,2589,2618,2636,2638,2624,2611,2588,2555,2737,2719,2693,2664,2627,2587,2562,2548,2565,2583,2593,2601,2597,2590,2572,2548,2735,2721,2697,2667,2631,2592,2564,2552,2546,2553,2561,2566,2564,2560,2549,2535,2730,2716,2693,2662,2625,2591,2564,2556,2548,2541,2542,2543,2540,2536,2536,2557,2728,2713,2686,2657,2622,2584,2568,2566,2557,2553,2547,2543,2542,2539,2546,2569,2721,2709,2684,2650,2612,2596,2595,2599,2587,2574,2564,2561,2561,2555,2551,2571,2700,2689,2666,2637,2615,2619,2639,2647,2635,2621,2608,2596,2585,2569,2555,2578,2696,2673,2647,2629,2637,2660,2682,2684,2667,2649,2637,2621,2601,2584,2560,2583,2696,2670,2657,2658,2665,2683,2702,2703,2691,2678,2663,2639,2620,2606,2581,2575,2702,2677,2670,2684,2688,2695,2710,2720,2716,2696,2689,2673,2638,2608,2587,2568,2711,2689,2682,2701,2709,2706,2715,2729,2730,2718,2706,2685,2647,2607,2581,2572,2712,2691,2689,2710,2726,2733,2733,2736,2732,2721,2709,2684,2642,2605,2581,2598,2722,2714,2703,2725,2741,2744,2730,2718,2712,2707,2701,2677,2642,2600,2597,2629],"minElevation":2535,"maxElevation":2744,"usedBounds":{"minLat":32.94275953067666,"maxLat":32.953834669323335,"minLng":-105.71529603,"maxLng":-105.70209817000004}}