{"gridWidth":17,"gridHeight":12,"elevations":[355,354,339,308,283,278,269,258,243,235,230,228,231,244,256,264,265,335,333,329,313,299,291,282,273,263,249,235,225,226,238,238,233,233,339,329,318,311,305,304,301,288,276,266,250,232,225,227,226,225,224,347,327,316,314,315,311,311,312,297,283,270,251,234,228,224,224,225,348,332,319,322,327,331,338,341,329,303,284,268,255,243,232,225,225,359,349,334,335,340,351,359,365,361,332,301,280,272,263,252,240,235,377,363,352,353,358,377,388,396,388,367,333,318,304,286,268,262,251,394,369,367,374,381,399,411,412,404,391,369,352,335,302,284,280,269,405,376,377,387,396,410,418,413,403,392,381,365,341,313,297,292,285,393,375,379,388,396,406,412,404,387,375,367,356,348,336,321,313,307,379,365,373,381,389,402,414,403,375,357,348,348,355,356,351,347,340,357,347,355,368,377,391,400,384,361,347,338,340,352,363,364,365,355],"minElevation":224,"maxElevation":418,"usedBounds":{"minLat":43.657522917667436,"maxLat":43.66786298233258,"minLng":-72.55472633499994,"maxLng":-72.54043296500001}}