{"gridWidth":18,"gridHeight":13,"elevations":[174,181,184,186,189,189,192,204,220,230,242,255,274,295,306,318,322,316,186,179,180,179,180,188,198,214,225,237,244,256,274,287,303,307,310,309,197,182,169,171,177,190,204,220,234,243,254,262,268,279,291,294,295,300,207,185,167,163,171,188,205,219,229,237,243,246,251,259,271,280,288,297,204,184,161,156,159,177,193,206,215,226,238,249,251,255,267,279,292,302,191,171,154,154,158,170,189,203,220,239,259,272,272,268,270,283,298,311,180,158,153,157,170,187,202,218,237,255,280,294,295,287,287,289,298,310,161,154,160,169,181,202,219,232,257,279,305,315,312,309,306,298,294,301,153,159,173,184,194,216,238,258,272,291,315,325,326,328,323,311,298,294,149,160,177,189,209,232,250,272,294,309,319,325,326,329,327,320,310,303,153,165,182,196,220,243,261,282,299,312,317,318,317,321,320,317,315,312,152,166,184,207,233,250,268,284,295,302,305,304,305,311,312,313,311,311,159,173,190,215,238,256,268,275,280,289,290,293,295,303,308,307,306,308],"minElevation":149,"maxElevation":329,"usedBounds":{"minLat":41.8776960916146,"maxLat":41.88866600838539,"minLng":-72.94900963000005,"maxLng":-72.93427516999999}}