{"gridWidth":22,"gridHeight":16,"elevations":[324,333,337,329,312,316,333,349,363,381,397,400,396,392,393,398,399,410,426,443,462,475,297,301,308,309,305,315,334,349,364,390,410,422,430,427,425,427,421,420,428,440,455,469,295,289,294,300,307,317,331,350,369,398,422,433,446,453,455,455,450,444,438,443,457,467,329,310,308,313,318,327,338,360,388,416,436,448,458,469,475,474,469,467,458,451,457,470,363,353,336,333,338,350,361,382,407,431,448,462,470,475,485,488,486,485,480,468,462,469,390,383,369,357,359,370,381,398,418,438,455,469,474,482,491,493,494,498,500,493,478,473,410,402,396,391,388,385,390,404,420,436,452,463,474,484,491,496,501,511,514,515,505,492,427,426,423,425,426,423,418,419,430,440,451,465,477,487,494,503,514,522,526,533,531,518,447,450,451,450,446,449,451,447,443,448,456,465,474,487,498,509,521,533,542,547,547,536,463,464,461,467,466,468,466,460,457,459,463,470,480,493,506,519,532,546,560,565,563,558,468,467,470,474,473,472,470,464,465,469,471,476,488,499,515,528,540,555,570,580,577,573,466,472,475,477,474,472,467,464,468,476,483,491,503,511,528,538,549,567,579,587,587,583,468,474,474,475,473,466,462,465,471,482,490,500,515,524,534,547,561,572,584,593,592,590,465,467,468,465,457,453,459,473,484,491,497,510,522,530,545,556,567,580,592,600,596,594,444,445,447,444,439,441,452,468,479,487,498,509,524,535,551,559,571,587,595,596,596,596,435,432,432,435,440,444,450,460,467,474,486,498,508,521,539,553,566,579,589,592,597,599],"minElevation":289,"maxElevation":600,"usedBounds":{"minLat":41.34628612688201,"maxLat":41.36002117311798,"minLng":-75.66781924999995,"maxLng":-75.64952174999999}}