{"gridWidth":20,"gridHeight":15,"elevations":[827,822,821,819,814,810,804,799,792,777,755,739,722,704,688,670,656,647,644,656,839,832,827,824,821,814,805,788,761,738,723,705,694,680,667,657,650,650,663,678,839,828,820,817,814,804,788,759,732,715,701,689,684,676,670,666,665,670,688,706,835,822,810,800,788,776,756,734,715,710,705,699,701,701,701,697,695,699,715,736,833,821,807,788,768,751,734,728,724,724,726,731,738,744,744,741,732,726,740,768,837,825,812,796,777,764,742,740,744,756,765,775,784,789,795,783,764,755,771,798,841,831,821,812,795,785,770,778,786,800,812,825,832,839,841,821,795,791,809,828,856,849,841,829,818,809,801,805,817,835,851,862,872,876,875,860,839,829,839,849,886,879,873,861,851,840,830,837,846,857,873,882,890,891,891,883,871,864,864,869,908,904,899,890,879,870,859,861,867,879,889,898,905,904,902,895,888,884,883,884,925,926,926,918,911,902,895,892,888,894,902,910,912,910,906,897,893,895,893,889,933,938,940,936,931,927,919,917,912,913,915,914,911,905,898,896,894,893,891,887,934,940,943,946,946,943,941,933,926,921,917,910,908,901,899,895,890,885,878,874,930,937,941,947,951,953,954,947,936,929,918,909,905,897,889,883,878,870,860,855,919,930,938,943,949,953,955,949,942,936,926,914,904,895,881,871,860,850,840,835],"minElevation":644,"maxElevation":955,"usedBounds":{"minLat":40.28731979999999,"maxLat":40.300213200000044,"minLng":-78.56743224270008,"maxLng":-78.55052815729996}}