{"gridWidth":19,"gridHeight":14,"elevations":[254,252,251,251,254,254,254,256,255,258,256,258,258,257,256,252,249,247,248,255,252,251,253,253,255,256,256,256,257,257,257,256,252,250,249,250,252,252,251,252,254,255,253,255,256,256,256,257,258,256,255,251,247,249,252,253,254,251,253,255,258,256,255,256,257,258,256,254,252,248,248,245,248,251,254,255,251,250,252,254,254,252,250,252,257,256,251,248,246,247,244,247,250,254,255,257,255,254,253,250,248,245,245,253,254,250,248,248,249,248,246,248,252,254,259,256,252,250,246,245,245,247,254,251,247,249,248,248,247,245,249,252,251,261,259,253,248,245,243,243,250,255,250,247,247,249,249,248,244,248,251,253,259,259,258,256,249,244,242,244,247,251,251,246,247,250,250,245,242,249,251,260,262,264,261,258,256,247,240,241,245,248,247,247,249,250,244,242,244,246,259,261,264,261,259,257,250,242,238,240,246,247,247,250,250,245,242,243,246,256,261,265,262,259,256,253,247,239,237,243,249,250,248,249,246,241,239,236,262,262,264,261,258,256,255,251,241,237,237,244,249,247,246,243,240,236,232,261,259,259,257,257,255,256,252,247,241,238,237,240,240,238,238,237,234,231],"minElevation":231,"maxElevation":265,"usedBounds":{"minLat":42.66206107876749,"maxLat":42.6738229212325,"minLng":-89.07071630499999,"maxLng":-89.05472019500004}}