{"gridWidth":16,"gridHeight":12,"elevations":[472,467,471,471,471,469,464,459,453,441,430,420,409,406,407,399,483,470,459,454,450,447,443,437,432,424,414,409,403,398,397,395,492,482,469,458,455,450,444,436,429,421,413,410,407,405,402,398,500,489,477,471,471,472,465,458,447,437,429,424,419,415,411,405,506,494,486,484,489,492,490,483,469,455,445,441,438,439,437,427,511,504,498,498,503,513,515,506,495,481,468,458,461,469,472,463,515,511,509,514,523,530,532,530,519,503,488,482,483,492,500,497,526,526,527,533,538,545,550,542,533,518,505,498,504,515,523,524,536,541,543,544,549,561,567,560,548,531,515,514,523,530,537,537,543,553,558,556,560,569,576,572,560,544,532,536,539,544,545,543,542,556,564,571,573,577,578,575,571,564,559,559,557,554,549,540,530,550,564,576,586,590,586,579,574,565,563,563,559,555,547,538],"minElevation":395,"maxElevation":590,"usedBounds":{"minLat":42.76598393614515,"maxLat":42.77599526385487,"minLng":-76.16961051999992,"maxLng":-76.15597247999999}}