{"gridWidth":18,"gridHeight":14,"elevations":[1750,1757,1766,1780,1789,1792,1800,1815,1832,1844,1858,1872,1894,1909,1920,1935,1936,1933,1741,1748,1757,1765,1769,1776,1782,1790,1803,1814,1825,1841,1862,1875,1881,1888,1890,1894,1733,1738,1749,1755,1763,1770,1779,1786,1796,1804,1812,1820,1837,1847,1850,1857,1862,1868,1752,1752,1760,1767,1772,1778,1790,1802,1809,1812,1815,1821,1831,1840,1848,1865,1881,1893,1805,1801,1801,1804,1806,1807,1816,1839,1857,1864,1860,1862,1868,1879,1894,1915,1929,1944,1844,1846,1847,1844,1846,1839,1844,1871,1895,1916,1921,1916,1912,1920,1932,1947,1983,2016,1892,1894,1891,1884,1879,1867,1872,1902,1925,1956,1969,1965,1951,1967,1985,1996,2023,2054,1932,1931,1927,1917,1905,1898,1903,1925,1953,1985,2011,2002,1987,2009,2033,2049,2077,2104,1949,1949,1945,1935,1924,1925,1931,1948,1969,1999,2027,2038,2036,2045,2068,2098,2122,2151,1928,1928,1926,1919,1915,1919,1930,1954,1977,2007,2035,2065,2080,2086,2107,2136,2163,2186,1896,1894,1892,1895,1904,1917,1931,1947,1963,1991,2022,2050,2070,2086,2102,2125,2154,2176,1865,1866,1876,1897,1917,1929,1942,1961,1973,1984,2008,2028,2040,2065,2094,2112,2136,2164,1844,1860,1881,1907,1934,1948,1961,1982,1994,2004,2016,2033,2058,2089,2124,2152,2179,2199,1847,1858,1874,1898,1922,1947,1970,1987,2000,2008,2024,2045,2067,2091,2110,2140,2172,2194],"minElevation":1733,"maxElevation":2199,"usedBounds":{"minLat":41.91663945499997,"maxLat":41.927949845,"minLng":-111.76095139114655,"maxLng":-111.74575030885349}}