{"gridWidth":19,"gridHeight":14,"elevations":[601,620,629,637,645,648,658,673,684,696,710,722,738,755,772,786,800,811,824,581,591,597,597,605,614,624,638,652,662,677,691,712,728,747,765,778,791,802,574,576,579,584,587,593,595,604,617,627,641,656,679,698,719,735,748,762,776,608,609,609,612,613,613,610,610,609,610,611,624,641,660,679,697,713,726,741,642,648,652,651,653,654,650,649,640,634,626,622,622,628,639,654,669,680,695,657,665,673,676,684,691,691,689,681,674,664,651,646,643,642,647,651,655,661,664,669,678,695,707,713,720,728,726,718,711,701,691,687,682,679,677,676,675,664,675,685,701,713,725,738,748,753,751,749,746,738,736,734,727,723,721,719,660,676,688,702,716,731,746,762,771,772,771,768,767,766,769,771,772,772,766,654,674,691,704,721,738,752,765,780,786,792,795,796,800,800,802,803,804,800,646,672,692,706,724,737,754,772,786,796,805,812,818,824,827,830,837,837,831,651,677,693,708,724,736,754,776,792,804,816,822,827,832,837,841,849,853,853,657,679,694,711,727,739,752,773,790,805,818,825,828,834,837,840,847,853,856,640,655,673,694,713,731,750,769,789,805,818,826,829,833,839,840,846,854,859],"minElevation":574,"maxElevation":859,"usedBounds":{"minLat":40.16114064759889,"maxLat":40.17292655240113,"minLng":-79.17710729999996,"maxLng":-79.16168410000003}}