{"gridWidth":12,"gridHeight":9,"elevations":[212,214,217,221,226,230,235,246,260,258,262,256,215,221,223,225,226,227,224,228,231,234,237,241,229,241,241,235,237,232,230,230,234,233,237,245,242,256,264,259,249,237,238,245,249,248,246,259,250,267,281,274,259,248,255,264,273,270,263,270,261,273,291,300,289,271,276,289,308,304,296,298,293,294,310,332,326,307,310,325,348,352,344,344,346,339,342,355,354,346,351,352,360,363,361,355,363,364,364,365,362,358,351,350,357,363,357,345],"minElevation":212,"maxElevation":365,"usedBounds":{"minLat":43.73771445962912,"maxLat":43.745050240370915,"minLng":-91.18733029,"maxLng":-91.1771765099999}}