{"gridWidth":15,"gridHeight":11,"elevations":[322,319,314,314,311,310,308,303,294,286,282,281,273,270,269,326,321,318,318,313,306,301,299,293,287,284,280,274,273,270,327,324,320,315,311,305,295,286,282,279,278,278,277,274,270,328,330,327,320,313,303,295,288,284,281,278,279,275,272,272,337,336,334,327,318,309,302,294,290,289,281,273,273,271,268,334,334,337,337,332,325,311,307,302,297,290,280,278,271,268,340,336,339,345,346,342,330,324,319,309,302,297,285,275,271,328,333,337,346,349,350,347,338,328,320,316,311,301,294,279,322,319,323,329,340,347,350,344,334,322,317,312,308,306,293,308,307,317,321,325,327,331,332,333,328,322,315,304,296,289,303,307,316,321,323,324,321,316,316,315,317,311,300,291,282],"minElevation":268,"maxElevation":350,"usedBounds":{"minLat":44.1156175732262,"maxLat":44.12443172677381,"minLng":-89.18871969,"maxLng":-89.17644170999992}}