{"gridWidth":14,"gridHeight":10,"elevations":[380,382,383,382,385,382,379,369,358,351,345,335,318,308,381,384,384,387,387,382,376,368,360,352,346,335,318,307,375,377,379,386,387,379,371,362,359,356,352,343,324,310,363,365,371,375,374,365,357,347,347,347,346,333,320,302,353,356,362,362,357,340,331,329,329,329,326,318,305,287,333,340,345,346,337,319,308,304,305,303,299,295,283,270,316,319,322,321,311,295,282,276,275,276,276,269,256,250,303,303,303,299,292,277,263,256,251,248,250,239,232,229,282,284,284,279,272,263,250,238,228,223,220,215,211,205,263,262,261,257,257,254,240,227,216,206,202,201,198,193],"minElevation":193,"maxElevation":387,"usedBounds":{"minLat":43.656117205,"maxLat":43.66481589500003,"minLng":-72.45166170224795,"maxLng":-72.43963769775215}}