{"gridWidth":28,"gridHeight":21,"elevations":[605,596,589,592,594,599,603,605,599,592,578,567,564,561,548,537,529,527,523,519,522,526,526,520,510,504,496,492,618,611,613,613,616,617,617,615,607,595,581,571,564,557,547,539,531,523,523,523,518,522,527,524,517,513,501,497,637,639,634,631,631,629,626,620,608,601,591,576,566,558,546,534,531,529,535,535,524,522,526,528,525,521,518,521,654,655,652,645,643,643,639,629,617,608,601,589,572,560,549,542,544,545,549,548,540,526,528,528,529,533,542,541,661,667,669,666,662,657,652,641,626,615,606,597,585,580,568,566,568,566,562,554,550,546,536,534,542,552,558,548,666,679,690,691,684,676,666,658,645,628,618,610,604,594,585,588,587,580,572,562,553,551,550,552,555,560,557,550,661,679,693,704,708,701,691,679,664,648,634,631,627,611,601,603,603,594,585,572,566,567,569,565,563,563,560,554,648,668,693,709,720,721,713,704,689,671,663,655,646,627,622,626,613,608,599,593,596,595,591,582,576,568,562,554,646,664,689,712,727,732,735,729,716,700,686,675,662,648,650,645,636,626,624,618,612,606,602,595,582,569,563,559,651,667,689,713,728,738,750,744,733,725,713,703,688,682,678,665,656,650,647,636,625,611,605,600,591,577,566,560,651,666,687,709,722,740,752,754,752,751,745,732,729,720,708,694,683,679,670,654,643,627,615,601,594,585,573,562,643,656,675,693,712,732,748,761,771,777,772,759,755,750,742,730,722,711,698,679,662,644,630,619,607,591,576,568,628,644,657,677,694,714,736,760,780,797,797,788,785,781,770,760,750,738,722,704,689,672,660,645,628,602,583,572,615,631,645,657,674,696,718,742,775,799,809,815,810,803,790,766,753,744,721,706,693,680,670,657,636,611,592,577,607,619,631,640,657,679,702,724,760,795,813,822,818,802,789,760,742,730,713,701,687,672,668,655,634,614,596,588,602,613,623,635,652,672,695,720,754,792,809,810,798,775,747,734,717,704,693,677,662,659,656,646,628,611,598,587,598,611,626,637,650,668,695,721,754,787,798,783,765,737,719,704,689,676,663,655,641,634,634,631,618,599,591,578,591,608,624,638,651,669,694,721,751,781,773,750,725,706,694,680,663,654,640,631,619,613,611,608,601,593,582,574,589,604,622,639,654,668,687,712,746,762,749,723,702,687,674,659,643,632,617,606,596,596,594,585,579,574,567,560,596,611,624,640,655,667,684,710,739,752,732,710,688,672,655,638,629,613,602,594,584,580,577,569,562,557,550,545,606,619,627,637,650,667,684,710,734,745,730,704,689,673,662,645,636,626,619,607,601,593,582,565,553,545,538,533],"minElevation":492,"maxElevation":822,"usedBounds":{"minLat":41.709638645000005,"maxLat":41.726946455,"minLng":-75.57036069200407,"maxLng":-75.54717310799595}}