{"gridWidth":14,"gridHeight":10,"elevations":[724,704,686,663,649,633,617,597,578,564,559,556,562,577,694,670,651,630,617,600,582,564,559,559,557,563,576,594,657,635,616,604,591,584,568,564,561,564,572,570,577,600,616,603,590,586,579,572,570,581,588,585,593,584,578,595,593,587,579,581,586,595,606,618,621,618,618,604,592,592,584,588,600,610,619,629,645,654,654,644,635,615,602,593,605,618,627,640,654,666,678,692,682,667,642,625,610,593,628,637,651,667,686,704,719,718,695,670,650,630,612,600,649,657,673,696,723,740,734,709,684,662,646,624,604,613,670,685,703,724,750,755,732,704,678,658,639,615,613,630],"minElevation":556,"maxElevation":755,"usedBounds":{"minLat":41.76779965000003,"maxLat":41.776256149999995,"minLng":-77.83831105539285,"maxLng":-77.82697224460709}}