{"gridWidth":21,"gridHeight":15,"elevations":[420,416,410,405,401,403,403,402,406,406,410,417,430,438,438,439,440,441,441,450,457,416,410,407,403,399,400,400,404,410,409,409,415,425,435,438,435,437,439,441,448,453,410,406,403,400,398,402,405,409,415,418,419,421,427,433,437,437,437,438,440,443,448,403,400,397,395,397,399,400,407,413,417,421,423,425,430,432,433,434,434,434,436,442,395,388,384,388,392,394,396,400,406,410,411,412,414,421,423,425,431,430,429,429,429,385,380,377,383,385,389,394,398,401,400,398,397,400,404,408,409,413,417,415,410,411,380,374,369,376,382,389,391,390,394,391,391,390,389,392,394,392,397,399,399,397,397,371,369,370,374,380,388,388,382,378,376,379,381,380,383,382,381,381,386,387,389,384,360,366,369,371,381,389,385,374,360,357,364,371,371,370,365,366,371,370,375,375,374,365,368,364,366,378,379,376,372,356,341,344,354,355,347,342,343,347,349,358,361,359,373,366,356,356,366,364,361,357,349,332,322,324,331,327,317,317,321,327,331,330,331,365,362,349,343,343,339,335,334,327,320,308,306,312,307,297,296,302,307,305,306,310,358,356,347,335,328,322,316,316,306,298,295,296,293,288,287,286,290,289,288,292,295,354,352,347,339,330,322,313,307,292,286,286,289,287,287,284,283,284,284,286,281,284,343,342,336,333,326,315,311,307,296,287,282,285,283,282,282,280,279,280,281,284,288],"minElevation":279,"maxElevation":457,"usedBounds":{"minLat":43.41628872695254,"maxLat":43.42889127304746,"minLng":-89.63741430999993,"maxLng":-89.62006268999998}}