{"gridWidth":12,"gridHeight":9,"elevations":[440,445,450,445,436,429,422,412,405,400,395,394,447,452,458,460,451,436,425,416,407,404,399,398,455,460,467,471,463,446,432,423,413,409,404,401,466,473,479,480,472,451,437,430,422,415,410,408,476,483,488,485,470,450,436,430,425,419,415,413,492,494,494,484,463,451,437,426,421,417,415,411,498,501,499,485,463,450,439,427,422,418,415,414,501,504,499,484,465,448,437,428,424,423,419,415,502,502,493,473,455,443,436,429,426,426,422,417],"minElevation":394,"maxElevation":504,"usedBounds":{"minLat":45.503050162336166,"maxLat":45.51026313766384,"minLng":-91.38914855000002,"maxLng":-91.37885645}}