{"gridWidth":25,"gridHeight":18,"elevations":[195,193,195,195,196,197,194,195,196,195,196,199,198,198,195,195,197,198,197,197,199,199,197,198,197,197,194,196,196,196,196,197,198,198,198,198,198,198,197,196,197,198,198,197,195,196,200,200,199,199,197,194,194,196,197,197,197,198,198,196,196,198,199,197,196,197,198,199,199,198,198,200,201,198,198,199,199,198,197,198,197,197,198,198,197,199,200,199,197,197,198,198,199,199,198,199,199,199,199,198,193,197,199,199,200,199,197,198,199,199,201,199,197,197,199,198,198,199,199,199,200,201,201,200,199,184,196,203,202,201,198,195,194,199,199,198,197,197,197,196,198,198,199,199,199,200,199,198,197,198,178,192,202,203,202,200,199,197,199,199,197,197,197,198,197,198,198,198,200,201,199,198,197,197,198,175,179,196,203,203,203,202,198,199,200,198,198,200,199,198,199,198,196,199,200,200,199,198,196,197,175,175,189,202,212,212,207,204,205,205,206,202,200,200,198,198,198,198,198,198,199,197,195,195,195,175,175,179,196,210,211,206,202,203,205,210,207,201,198,198,198,198,198,198,198,199,199,197,196,196,175,175,175,186,200,207,203,201,201,202,205,206,200,197,197,197,198,198,198,199,199,198,196,198,198,175,175,175,177,189,203,206,204,202,202,204,204,200,197,197,196,198,199,197,198,198,196,195,196,197,175,175,175,175,180,196,205,205,204,208,210,211,207,201,198,195,196,197,195,196,196,196,194,197,198,175,175,175,175,175,186,197,203,205,204,208,214,220,216,205,201,198,196,194,193,194,193,194,194,194,175,175,175,175,175,179,187,201,206,208,212,212,219,219,218,215,214,211,203,193,194,193,193,191,191,175,175,175,175,175,175,179,191,201,208,212,210,208,205,204,206,205,203,203,203,194,186,186,187,189,175,175,175,175,175,175,175,184,197,209,213,204,200,200,198,198,196,199,201,200,189,181,181,184,187,175,175,175,175,175,175,175,176,186,204,211,207,204,200,197,196,203,211,212,214,212,195,183,185,188],"minElevation":175,"maxElevation":220,"usedBounds":{"minLat":43.251585894962425,"maxLat":43.26688850503758,"minLng":-86.360385325,"maxLng":-86.339372775}}