{"gridWidth":22,"gridHeight":16,"elevations":[249,231,216,204,193,188,183,176,165,158,152,135,126,120,108,98,90,81,75,75,76,83,256,236,221,204,185,175,165,159,156,150,144,134,123,116,109,97,89,83,74,70,69,71,268,248,231,213,194,176,164,154,150,145,139,135,127,115,109,102,91,83,73,69,67,67,271,255,236,219,203,189,174,161,154,146,138,135,132,126,117,108,94,84,76,70,69,66,276,257,242,232,217,204,192,178,164,155,145,136,130,126,116,109,97,86,76,69,67,67,279,268,257,242,228,219,207,193,177,167,159,143,133,127,123,116,104,89,79,70,66,63,295,289,277,260,244,235,221,205,194,184,170,157,148,139,134,125,115,96,83,74,67,64,331,318,302,281,259,242,229,217,212,199,183,170,158,150,142,137,128,117,103,89,76,67,359,339,317,294,274,257,244,229,220,211,195,184,168,159,150,146,141,130,118,104,89,77,379,352,327,305,286,271,263,251,236,220,211,203,188,167,153,148,143,137,129,119,108,92,374,355,332,308,296,286,275,267,260,244,232,217,204,183,158,146,142,141,133,129,119,107,372,356,334,314,303,299,288,279,273,262,249,231,213,193,163,146,141,141,139,133,127,114,371,356,335,317,301,290,281,271,258,245,234,220,204,184,163,146,144,142,136,130,124,114,362,353,332,306,281,265,254,241,225,215,203,193,183,172,160,148,146,146,142,133,124,117,341,333,315,293,267,243,227,214,201,190,178,168,162,156,152,147,147,148,145,140,132,125,315,317,310,289,261,235,216,198,184,174,165,157,152,149,147,145,147,149,149,144,138,131],"minElevation":63,"maxElevation":379,"usedBounds":{"minLat":44.20772913036013,"maxLat":44.22081296963986,"minLng":-69.15027351500001,"maxLng":-69.13201878499999}}