{"gridWidth":28,"gridHeight":20,"elevations":[522,537,555,578,600,622,656,683,714,737,756,752,730,700,679,663,655,651,644,632,614,597,579,569,564,562,561,563,506,517,534,553,578,601,632,662,692,714,723,717,693,665,644,625,614,614,611,601,592,585,572,562,558,558,559,561,497,509,521,540,560,581,607,636,672,700,705,694,668,636,613,595,587,583,581,576,572,566,560,557,553,553,555,556,489,499,512,533,553,573,594,621,655,685,692,670,642,613,590,570,564,566,565,559,557,556,552,550,548,547,548,550,476,491,505,524,545,566,590,613,646,674,679,653,621,597,576,558,554,550,550,545,544,546,547,545,543,542,542,544,468,485,499,520,539,556,582,608,635,653,650,627,603,582,565,552,546,539,534,531,530,534,538,540,539,537,536,536,464,479,494,514,532,546,566,588,610,623,617,598,584,570,557,544,534,528,523,521,518,519,523,527,529,530,530,530,457,468,480,499,515,527,545,565,585,599,602,590,573,562,551,537,527,519,513,512,511,511,513,515,515,520,520,521,450,456,465,476,488,503,513,534,555,573,584,579,564,553,543,536,528,514,507,503,505,505,504,506,507,508,508,508,440,446,450,458,469,480,490,504,523,541,555,557,552,546,539,531,520,510,501,496,495,496,495,496,498,498,501,500,431,434,437,441,450,460,472,482,497,511,526,535,535,530,522,517,510,502,489,481,480,484,484,485,488,488,489,490,418,417,415,423,435,448,461,468,478,490,501,510,511,501,498,497,491,483,475,467,464,468,472,477,478,480,482,483,398,395,401,415,429,441,451,459,470,472,476,481,477,471,465,465,465,459,455,451,452,457,459,464,470,475,475,476,380,385,398,409,422,432,439,447,455,458,455,453,450,443,439,440,444,442,438,438,438,443,446,451,459,470,475,476,373,379,389,398,409,418,427,436,441,445,446,442,433,427,424,425,426,428,426,425,425,426,430,440,449,457,467,470,371,374,376,385,396,408,417,422,428,431,434,428,420,414,416,411,408,414,415,414,415,418,420,429,437,448,459,463,368,372,371,376,386,397,405,412,419,424,426,419,410,402,399,393,392,398,405,406,408,411,414,422,431,440,447,458,359,367,370,374,383,394,401,407,412,416,414,407,396,386,383,382,384,389,398,402,404,409,414,419,425,432,439,451,357,364,369,373,376,382,391,397,404,405,397,386,379,378,379,385,389,390,392,396,404,410,415,421,424,432,438,445,349,354,361,365,369,373,377,382,388,390,382,376,375,378,387,391,392,394,396,399,405,410,416,422,425,432,438,444],"minElevation":349,"maxElevation":756,"usedBounds":{"minLat":44.163860700000015,"maxLat":44.180745100000024,"minLng":-71.17671147394313,"maxLng":-71.15317092605684}}