{"gridWidth":17,"gridHeight":12,"elevations":[327,323,319,319,323,323,322,323,332,332,326,318,314,315,315,314,318,321,322,323,322,321,323,320,322,331,327,319,317,316,316,315,314,317,320,320,318,318,320,320,319,318,319,319,319,317,315,314,315,316,318,324,322,319,320,322,328,332,328,322,324,324,321,318,317,317,320,324,321,321,323,324,329,337,343,345,347,345,342,337,328,320,319,325,332,328,327,329,334,343,354,355,356,367,369,353,346,339,333,328,328,334,334,331,335,346,355,362,357,361,369,367,353,347,346,340,335,334,341,336,333,342,354,362,366,367,369,369,359,351,348,344,337,336,340,344,334,336,343,354,360,364,368,370,365,358,352,345,340,338,338,341,345,329,336,345,351,354,361,367,369,364,355,349,342,337,337,340,343,347,326,336,341,346,348,353,359,361,360,355,351,348,343,344,348,348,351,331,340,346,350,352,354,356,355,354,355,356,357,351,349,351,356,356],"minElevation":314,"maxElevation":370,"usedBounds":{"minLat":43.367802770878775,"maxLat":43.377868029121224,"minLng":-88.25794650999994,"maxLng":-88.24409969000006}}